item_id,timestamp,mean,0.1,0.2,0.3,0.4,0.5,0.6,0.7,0.8,0.9,yearmonth,date,PRODUCTREFERENCE,exret
29,2021-11-01,0.0013143257,-0.04109074,-0.023818798,-0.015304705,-0.0052544773,0.0013143257,0.01053418,0.019227102,0.03058865,0.04475625,2021-11,2021-11-15,29,-0.025
29,2021-12-01,-0.00039347494,-0.042644657,-0.024135672,-0.016075982,-0.006736896,-0.00039347494,0.007881577,0.01675329,0.02714897,0.04306064,2021-12,2021-12-15,29,0.039
29,2022-01-01,-0.011695309,-0.072617054,-0.052244604,-0.033205,-0.023594309,-0.011695309,-0.0019703037,0.013197065,0.024671838,0.052787825,2022-01,2022-01-15,29,-0.0238
326,2021-11-01,-0.00317181,-0.04193067,-0.026322719,-0.01822852,-0.009982008,-0.00317181,0.004211557,0.012766485,0.022045264,0.03563324,2021-11,2021-11-15,326,-0.0104
326,2021-12-01,-0.0062001897,-0.046551816,-0.028835211,-0.020671956,-0.012165652,-0.0062001897,0.0012209825,0.009729858,0.019488173,0.03384802,2021-12,2021-12-15,326,-0.0423
326,2022-01-01,-0.018037122,-0.07140903,-0.05292928,-0.03597561,-0.026595414,-0.018037122,-0.006392452,0.005703992,0.015108154,0.039452918,2022-01,2022-01-15,326,-0.1111
727,2021-11-01,-0.0030107368,-0.020157738,-0.013454624,-0.009208038,-0.0057853684,-0.0030107368,0.00037084206,0.0038985945,0.008564118,0.014709275,2021-11,2021-11-15,727,-0.030559058
727,2021-12-01,-0.0038934401,-0.021542575,-0.014133957,-0.009935229,-0.0066811875,-0.0038934401,-0.0007640751,0.0028538262,0.007372766,0.014128486,2021-12,2021-12-15,727,0.005617639
727,2022-01-01,-0.00802608,-0.02993647,-0.022160867,-0.015540662,-0.012102163,-0.00802608,-0.0039912546,0.0013271329,0.0051628137,0.015425253,2022-01,2022-01-15,727,0.0137699558
1067,2021-11-01,0.002139264,-0.04161724,-0.02346406,-0.015043205,-0.004602078,0.002139264,0.011824118,0.020222098,0.032254007,0.047355242,2021-11,2021-11-15,1067,-0.032012169
1067,2021-12-01,0.0016499744,-0.041856013,-0.022660047,-0.014644671,-0.005014648,0.0016499744,0.010207449,0.018827101,0.029970082,0.0466946,2021-12,2021-12-15,1067,-0.011735035
1067,2022-01-01,-0.009923482,-0.070017435,-0.05024392,-0.031076044,-0.02169122,-0.009923482,-0.00072601205,0.014395688,0.025972143,0.05354155,2022-01,2022-01-15,1067,-0.044756352
1176,2021-11-01,0.001969329,-0.017484913,-0.009504852,-0.0056338515,-0.0010611935,0.001969329,0.0059766956,0.009901107,0.014839562,0.021369528,2021-11,2021-11-15,1176,-0.013791554
1176,2021-12-01,0.0018378037,-0.017539231,-0.009047296,-0.005331019,-0.0010876114,0.0018378037,0.0054089455,0.009442587,0.013968769,0.021278339,2021-12,2021-12-15,1176,0.0117434838
1176,2022-01-01,-0.0038926473,-0.03072166,-0.021741793,-0.013741625,-0.009476572,-0.0038926473,-0.00022819603,0.0064275367,0.011311996,0.023505485,2022-01,2022-01-15,1176,-0.021834061
1617,2021-11-01,-0.005822382,-0.037172653,-0.024474494,-0.01721174,-0.01093722,-0.005822382,-5.625887e-05,0.006702124,0.015379965,0.025882218,2021-11,2021-11-15,1617,-0.0386
1617,2021-12-01,-0.010766674,-0.04490763,-0.03030798,-0.022423303,-0.015918983,-0.010766674,-0.004846097,0.002256585,0.010887448,0.022685774,2021-12,2021-12-15,1617,0.0102
1617,2022-01-01,-0.02260299,-0.06882765,-0.052639633,-0.03743343,-0.029269962,-0.02260299,-0.010748639,-0.001203456,0.0075663812,0.028053546,2022-01,2022-01-15,1617,-0.0265
1930,2021-11-01,0.011842913,-0.04196019,-0.01926528,-0.009011674,0.0035999715,0.011842913,0.02321387,0.033907842,0.048335496,0.0674138,2021-11,2021-11-15,1930,-0.062496001
1930,2021-12-01,0.011766135,-0.04152213,-0.017586268,-0.007906179,0.0035897586,0.011766135,0.021776076,0.032619726,0.045718025,0.066914774,2021-12,2021-12-15,1930,0.0143578666
1930,2022-01-01,-0.0027680276,-0.075541146,-0.051730085,-0.02850077,-0.016838338,-0.0027680276,0.007762649,0.02632543,0.040155172,0.07359261,2022-01,2022-01-15,1930,-0.110320146
1966,2021-11-01,-0.0012385361,-0.036574755,-0.021729387,-0.014834619,-0.0068543563,-0.0012385361,0.0065041734,0.0134746,0.022785667,0.034963366,2021-11,2021-11-15,1966,-0.038810716
1966,2021-12-01,-0.0034191739,-0.039150756,-0.022985335,-0.01630656,-0.008782751,-0.0034191739,0.0037358673,0.010822728,0.01977937,0.03303542,2021-12,2021-12-15,1966,0.0081707513
1966,2022-01-01,-0.015067236,-0.066884704,-0.048977904,-0.03251463,-0.024120577,-0.015067236,-0.004967968,0.0070251347,0.017067904,0.040971257,2022-01,2022-01-15,1966,-0.070987958
2355,2021-11-01,0.0024591892,-0.029432405,-0.016390374,-0.009889576,-0.0024076933,0.0024591892,0.00851639,0.014703181,0.02372236,0.03395619,2021-11,2021-11-15,2355,-0.013974076
2355,2021-12-01,0.0026523874,-0.029294742,-0.015671927,-0.009237131,-0.0021629455,0.0026523874,0.008057575,0.014578363,0.02300487,0.03456946,2021-12,2021-12-15,2355,0.006626251
2355,2022-01-01,-0.0027175967,-0.04218512,-0.029602455,-0.01757264,-0.011005099,-0.0027175967,0.0022072431,0.01216184,0.020413026,0.037274595,2022-01,2022-01-15,2355,0.0047327393
3020,2021-11-01,0.0020787201,-0.022989323,-0.01267768,-0.007628912,-0.0017032046,0.0020787201,0.007213669,0.011862025,0.018500766,0.026869353,2021-11,2021-11-15,3020,-0.036124861
3020,2021-12-01,0.002054752,-0.02308023,-0.012170053,-0.007272629,-0.0017099726,0.002054752,0.006504651,0.01151389,0.017612636,0.027143477,2021-12,2021-12-15,3020,0.0328788231
3020,2022-01-01,-0.0023469569,-0.03527717,-0.024893107,-0.014760594,-0.009348438,-0.0023469569,0.0018475351,0.009606463,0.016180499,0.03067859,2022-01,2022-01-15,3020,0.0317545151
4351,2021-11-01,0.0072892373,-0.059927158,-0.03232926,-0.019279985,-0.0037425477,0.0072892373,0.021585261,0.035335116,0.052815296,0.07583909,2021-11,2021-11-15,4351,-0.014555
4351,2021-12-01,0.0044369036,-0.06223555,-0.03275752,-0.02045876,-0.00604132,0.0044369036,0.017330676,0.031149542,0.047400422,0.07258728,2021-12,2021-12-15,4351,0.054245
4351,2022-01-01,-0.015029293,-0.112167105,-0.07978159,-0.048511714,-0.03313861,-0.015029293,0.0012063924,0.025522172,0.043775227,0.088157915,2022-01,2022-01-15,4351,-0.064825
4373,2021-11-01,-0.0048668515,-0.09167096,-0.05620385,-0.038480535,-0.01907603,-0.0048668515,0.013185547,0.03148458,0.054537497,0.08386588,2021-11,2021-11-15,4373,-0.0599
4373,2021-12-01,-0.011602966,-0.09867983,-0.060322367,-0.043419328,-0.024821244,-0.011602966,0.005263958,0.02364694,0.04549959,0.07682933,2021-12,2021-12-15,4373,0.1311
4373,2022-01-01,-0.04159851,-0.1743937,-0.12846361,-0.08579523,-0.06424828,-0.04159851,-0.01553786,0.015689518,0.041286178,0.10087727,2022-01,2022-01-15,4373,-0.1
4409,2021-11-01,0.006217964,-0.047539454,-0.025624402,-0.015129928,-0.0025986778,0.006217964,0.017169297,0.028368693,0.042435143,0.06056149,2021-11,2021-11-15,4409,-0.023264915
4409,2021-12-01,0.0029729353,-0.0505495,-0.027009118,-0.016994683,-0.0050741527,0.0029729353,0.013268565,0.024333648,0.037593056,0.057259455,2021-12,2021-12-15,4409,0.0451296543
4409,2022-01-01,-0.011219084,-0.08749052,-0.061721385,-0.037919898,-0.025248677,-0.011219084,0.0017245654,0.020343626,0.03470067,0.06951015,2022-01,2022-01-15,4409,-0.078761287
4411,2021-11-01,-0.018539399,-0.13673417,-0.0898663,-0.06484315,-0.03832278,-0.018539399,0.005937126,0.030393511,0.061441716,0.100573905,2021-11,2021-11-15,4411,-0.0531
4411,2021-12-01,-0.028274566,-0.14704059,-0.09613804,-0.07210631,-0.04654043,-0.028274566,-0.005586873,0.018838292,0.04887456,0.09012683,2021-12,2021-12-15,4411,-0.0388
4411,2022-01-01,-0.07165981,-0.2549184,-0.19156131,-0.13260452,-0.10142829,-0.07165981,-0.033544995,0.007831888,0.043670963,0.12243736,2022-01,2022-01-15,4411,-0.1316
5039,2021-11-01,0.002083875,-0.03134076,-0.017615933,-0.010654122,-0.003175778,0.002083875,0.008587158,0.014955768,0.024314862,0.03566906,2021-11,2021-11-15,5039,-0.038363152
5039,2021-12-01,0.0020878012,-0.03151308,-0.017148064,-0.010223575,-0.0031553577,0.0020878012,0.007807687,0.014504912,0.023416314,0.035911106,2021-12,2021-12-15,5039,0.050830704
5039,2022-01-01,-0.0045981756,-0.04444381,-0.031575732,-0.019231904,-0.012909301,-0.0045981756,0.0007885915,0.010962104,0.018728733,0.036509342,2022-01,2022-01-15,5039,0.026442438
33361,2021-11-01,-0.0013325813,-0.020135323,-0.011823782,-0.008266988,-0.0041205725,-0.0013325813,0.0027047913,0.006401255,0.011383252,0.018021982,2021-11,2021-11-15,33361,-0.007787
33361,2021-12-01,-0.0019985067,-0.020595731,-0.011760718,-0.008414888,-0.0045747105,-0.0019985067,0.001730087,0.005383882,0.010087639,0.01712219,2021-12,2021-12-15,33361,0.004533
33361,2022-01-01,-0.008477308,-0.033657953,-0.024517726,-0.016910644,-0.012758319,-0.008477308,-0.0033583615,0.0022038824,0.007141472,0.0188348,2022-01,2022-01-15,33361,0.012522
33407,2021-11-01,-0.0065100696,-0.067539066,-0.042746156,-0.030247493,-0.016357632,-0.0065100696,0.006738521,0.019586599,0.035701014,0.055864222,2021-11,2021-11-15,33407,-0.0251
33407,2021-12-01,-0.011202725,-0.07247251,-0.04556898,-0.033728316,-0.02011698,-0.011202725,0.0012359302,0.013973802,0.029466597,0.05062698,2021-12,2021-12-15,33407,0.0277
33407,2022-01-01,-0.036833018,-0.13411106,-0.100212075,-0.06867683,-0.052627154,-0.036833018,-0.01558844,0.0059511405,0.024172928,0.067866825,2022-01,2022-01-15,33407,-0.0984
33804,2021-11-01,-0.01290561,-0.10841651,-0.07010671,-0.048874073,-0.028126003,-0.01290561,0.0056682653,0.025736758,0.052536946,0.08575674,2021-11,2021-11-15,33804,0.0028895778
33804,2021-12-01,-0.016413478,-0.11285283,-0.071612015,-0.051241405,-0.031505797,-0.016413478,0.00047117233,0.02072078,0.04604806,0.08235909,2021-12,2021-12-15,33804,0.1207713112
33804,2022-01-01,-0.04171867,-0.16899137,-0.12564653,-0.08577057,-0.065104425,-0.04171867,-0.01856141,0.01249584,0.03623112,0.09475733,2022-01,2022-01-15,33804,0.032156662
33897,2021-11-01,0.003113166,-0.02293025,-0.011773107,-0.0069282716,-0.00086166523,0.003113166,0.008343655,0.013508613,0.02045668,0.029623315,2021-11,2021-11-15,33897,-0.036475476
33897,2021-12-01,0.0028440817,-0.023533486,-0.011521441,-0.006853734,-0.001249609,0.0028440817,0.0074469857,0.012858953,0.01931772,0.02959476,2021-12,2021-12-15,33897,0.0090000728
33897,2022-01-01,-0.00521012,-0.038156882,-0.027388267,-0.01685045,-0.011904489,-0.00521012,-0.0005747876,0.007952182,0.013746067,0.029026743,2022-01,2022-01-15,33897,0.003634951
34993,2021-11-01,0.0056782886,-0.026021801,-0.013305551,-0.0067550195,0.00075157086,0.0056782886,0.012025952,0.018557915,0.026532589,0.037120063,2021-11,2021-11-15,34993,-0.038377635
34993,2021-12-01,0.0058818636,-0.025693014,-0.012189365,-0.0058179135,0.0011478015,0.0058818636,0.011556353,0.018250143,0.025549036,0.037497528,2021-12,2021-12-15,34993,0.0064798669
34993,2022-01-01,-0.005579979,-0.051079042,-0.036172286,-0.022101417,-0.014889974,-0.005579979,0.0006116105,0.012181334,0.02069174,0.041240178,2022-01,2022-01-15,34993,-0.011770612
35379,2021-11-01,0.01466088,-0.050756097,-0.023689637,-0.01108169,0.0040976275,0.01466088,0.028588811,0.041984342,0.059080794,0.08167935,2021-11,2021-11-15,35379,-0.0335
35379,2021-12-01,0.012082265,-0.05326502,-0.024205195,-0.012262752,0.0017458145,0.012082265,0.024586862,0.038189866,0.05398617,0.07909501,2021-12,2021-12-15,35379,0.0553
35379,2022-01-01,-0.0072294585,-0.09964386,-0.06917376,-0.039231047,-0.024984887,-0.0072294585,0.0073242253,0.030940922,0.04819973,0.0906324,2022-01,2022-01-15,35379,-0.0969
35985,2021-11-01,0.0052915835,-0.07197099,-0.041162446,-0.024824653,-0.0065472443,0.0052915835,0.021582913,0.037255652,0.05712069,0.08240146,2021-11,2021-11-15,35985,-0.08841203
35985,2021-12-01,0.0024994616,-0.07371652,-0.041041315,-0.02540459,-0.008857984,0.0024994616,0.016734105,0.03289362,0.05043227,0.079086676,2021-12,2021-12-15,35985,0.0495160211
35985,2022-01-01,-0.020121435,-0.13231517,-0.09571375,-0.06067032,-0.04258541,-0.020121435,-0.004342301,0.024529561,0.04624994,0.09613819,2022-01,2022-01-15,35985,0.0177321014
35993,2021-11-01,0.0013514189,-0.019509744,-0.010494971,-0.0064540682,-0.0018235287,0.0013514189,0.006048537,0.009973051,0.015578855,0.02307596,2021-11,2021-11-15,35993,-0.000995989
35993,2021-12-01,0.0009787059,-0.019786548,-0.010213149,-0.0062403055,-0.0018912964,0.0009787059,0.0053901514,0.0091954665,0.014690929,0.022536647,2021-12,2021-12-15,35993,0.0069688861
35993,2022-01-01,-0.0065058386,-0.035028305,-0.024510864,-0.015958283,-0.011033553,-0.0065058386,-0.00030918326,0.005586725,0.01134769,0.024584666,2022-01,2022-01-15,35993,0.0202520432
36840,2021-11-01,-0.004034484,-0.049206804,-0.03023799,-0.02073657,-0.01113089,-0.004034484,0.005239483,0.014052176,0.026263408,0.042177275,2021-11,2021-11-15,36840,0.0038687691
36840,2021-12-01,-0.006521797,-0.052196726,-0.03168757,-0.022591613,-0.013483882,-0.006521797,0.0021654954,0.01108602,0.02270099,0.039840758,2021-12,2021-12-15,36840,0.012275972
36840,2022-01-01,-0.014879014,-0.0715137,-0.05074875,-0.034972616,-0.02565575,-0.014879014,-0.0051695015,0.008011137,0.017952621,0.04400228,2022-01,2022-01-15,36840,0.018687984
38728,2021-11-01,0.0054238057,-0.025920017,-0.012917073,-0.007033661,0.00048640324,0.0054238057,0.011867099,0.018223591,0.026346829,0.03701625,2021-11,2021-11-15,38728,-0.0317
38728,2021-12-01,0.0048201834,-0.026432628,-0.0125047825,-0.0069550965,-2.9236544e-05,0.0048201834,0.0104715,0.017053261,0.024465691,0.036509283,2021-12,2021-12-15,38728,0.0122
38728,2022-01-01,-0.0030504381,-0.04550849,-0.0316255,-0.018529406,-0.011797797,-0.0030504381,0.002713138,0.013522416,0.021389816,0.040728785,2022-01,2022-01-15,38728,0.0071
38941,2021-11-01,0.0040976126,-0.060354877,-0.03316907,-0.020930603,-0.005518752,0.0040976126,0.018712696,0.03187523,0.04953896,0.071831495,2021-11,2021-11-15,38941,-0.031267984
38941,2021-12-01,0.0008562505,-0.06378469,-0.034459133,-0.02294207,-0.008631769,0.0008562505,0.014272319,0.027615108,0.04381075,0.0686834,2021-12,2021-12-15,38941,0.0133653465
38941,2022-01-01,-0.021715343,-0.11463484,-0.08329496,-0.053163517,-0.03947526,-0.021715343,-0.0057704067,0.017355237,0.034501113,0.07822616,2022-01,2022-01-15,38941,-0.021883548
41231,2021-11-01,-0.0012532439,-0.01767011,-0.010804144,-0.0074628373,-0.0039119134,-0.0012532439,0.001975088,0.005317613,0.009590244,0.015166761,2021-11,2021-11-15,41231,-0.0084
41231,2021-12-01,-0.0024338667,-0.019350637,-0.011768593,-0.008455289,-0.005116819,-0.0024338667,0.0005344945,0.0040832865,0.0081171375,0.014455484,2021-12,2021-12-15,41231,-0.0056
41231,2022-01-01,-0.0050938907,-0.02569728,-0.018571392,-0.012548799,-0.009349538,-0.0050938907,-0.0018422494,0.0031113918,0.006702018,0.016170572,2022-01,2022-01-15,41231,-0.0034
42304,2021-11-01,0.00048489124,-0.023658503,-0.013490676,-0.008784749,-0.0033548465,0.00048489124,0.005610712,0.01042739,0.016857898,0.025309738,2021-11,2021-11-15,42304,-0.009055977
42304,2021-12-01,-0.0009399415,-0.025294404,-0.014236937,-0.009692974,-0.004430917,-0.0009399415,0.0039996463,0.008732334,0.01500006,0.024025261,2021-12,2021-12-15,42304,-0.026160716
42304,2022-01-01,-0.008882098,-0.04330505,-0.031307396,-0.020452745,-0.014722903,-0.008882098,-0.0021805502,0.00579602,0.012302762,0.028123602,2022-01,2022-01-15,42304,-0.048991355
43166,2021-11-01,0.00039729849,-0.091883674,-0.05204613,-0.033664975,-0.012795929,0.00039729849,0.022150528,0.038779344,0.06482292,0.098666534,2021-11,2021-11-15,43166,-0.008378756
43166,2021-12-01,-0.004684368,-0.09944756,-0.05588456,-0.038065273,-0.018020522,-0.004684368,0.015889483,0.03279081,0.057904307,0.09454799,2021-12,2021-12-15,43166,0.0354765175
43166,2022-01-01,-0.034810264,-0.16512212,-0.11658983,-0.07844293,-0.055501428,-0.034810264,-0.008444246,0.02078993,0.045988016,0.10452764,2022-01,2022-01-15,43166,0.0281397337
44821,2021-11-01,-0.015355572,-0.11340025,-0.07384911,-0.053705636,-0.030956518,-0.015355572,0.005795964,0.026740653,0.052929197,0.08485769,2021-11,2021-11-15,44821,-0.0269
44821,2021-12-01,-0.023641612,-0.12169874,-0.07882513,-0.05980881,-0.037332665,-0.023641612,-0.0036352314,0.016853662,0.04204479,0.07495142,2021-12,2021-12-15,44821,0.04
44821,2022-01-01,-0.06704798,-0.22654632,-0.17030855,-0.11921331,-0.091850236,-0.06704798,-0.030787587,0.0033321977,0.033698,0.10427368,2022-01,2022-01-15,44821,0.1232
49935,2021-11-01,-0.0009208025,-0.037837017,-0.022643743,-0.015149712,-0.0070440834,-0.0009208025,0.006139525,0.013974432,0.023500131,0.035347465,2021-11,2021-11-15,49935,-0.014917477
49935,2021-12-01,-0.007281701,-0.047080517,-0.029612107,-0.021591669,-0.0134670455,-0.007281701,-0.0001758273,0.0085051935,0.017365957,0.031436007,2021-12,2021-12-15,49935,0.0146806342
49935,2022-01-01,-0.014089335,-0.06371178,-0.047602095,-0.03142431,-0.023246735,-0.014089335,-0.004601822,0.0073958784,0.016612474,0.038666524,2022-01,2022-01-15,49935,-0.001531973
52242,2021-11-01,-0.0067359777,-0.05798927,-0.03585438,-0.02584904,-0.014270629,-0.0067359777,0.004765667,0.01575662,0.0293601,0.046528716,2021-11,2021-11-15,52242,0.0180543703
52242,2021-12-01,-0.011030144,-0.06408353,-0.039286844,-0.029589608,-0.01807613,-0.011030144,7.115025e-05,0.011233966,0.02443185,0.04315096,2021-12,2021-12-15,52242,-0.003525703
52242,2022-01-01,-0.033027753,-0.109693915,-0.08250157,-0.057206064,-0.04526633,-0.033027753,-0.014454649,0.0020149434,0.016891496,0.052561235,2022-01,2022-01-15,52242,-0.062958857
52529,2021-11-01,-0.012016524,-0.12323109,-0.078591675,-0.055338904,-0.030511558,-0.012016524,0.011372832,0.034095205,0.06333436,0.100895345,2021-11,2021-11-15,52529,-0.0567
52529,2021-12-01,-0.020878714,-0.13332912,-0.08451409,-0.061978966,-0.038090102,-0.020878714,0.0009886511,0.023779131,0.05222577,0.09230878,2021-12,2021-12-15,52529,-0.0806
52529,2022-01-01,-0.06311468,-0.23365802,-0.17451558,-0.119474016,-0.09144942,-0.06311468,-0.028348282,0.010549626,0.042792343,0.11782452,2022-01,2022-01-15,52529,-0.133
53056,2021-11-01,0.011970717,-0.05041215,-0.0230785,-0.0109798405,0.0029355315,0.011970717,0.025419137,0.037496597,0.05441004,0.07723294,2021-11,2021-11-15,53056,0.0129051338
53056,2021-12-01,0.009449436,-0.05440388,-0.024642808,-0.012798686,0.00033799745,0.009449436,0.02231702,0.03463541,0.05055798,0.076060586,2021-12,2021-12-15,53056,0.0462708875
53056,2022-01-01,-0.009635821,-0.08990395,-0.062744625,-0.03726083,-0.024717534,-0.009635821,0.0035572853,0.023303041,0.038128152,0.0757119,2022-01,2022-01-15,53056,0.0373907639
53672,2021-11-01,0.00445622,-0.012513786,-0.00543541,-0.0018064845,0.0017467681,0.00445622,0.007885652,0.01139858,0.015931958,0.022069665,2021-11,2021-11-15,53672,-0.0048
53672,2021-12-01,0.003298773,-0.014753033,-0.0066704405,-0.002963691,0.00066655315,0.003298773,0.0067517622,0.010346238,0.014937487,0.0217334,2021-12,2021-12-15,53672,-0.0056
53672,2022-01-01,-0.0024550166,-0.025042363,-0.017065119,-0.009869245,-0.006220632,-0.0024550166,0.0023840358,0.0075133285,0.011581585,0.022240086,2022-01,2022-01-15,53672,-0.0039
54303,2021-11-01,0.0013096601,-0.015585317,-0.008922407,-0.0048441216,-0.0013102076,0.0013096601,0.004742012,0.008097975,0.012660425,0.018868249,2021-11,2021-11-15,54303,0.0001021569
54303,2021-12-01,0.0013248562,-0.015529382,-0.008548119,-0.004506193,-0.0013264592,0.0013248562,0.0042955982,0.007696934,0.011962271,0.018728385,2021-12,2021-12-15,54303,-0.040638516
54303,2022-01-01,-0.0014561347,-0.0215496,-0.0146524,-0.008779674,-0.0056339065,-0.0014561347,0.0012491174,0.006284126,0.009833141,0.01916298,2022-01,2022-01-15,54303,0.001788566
55909,2021-11-01,0.015421302,-0.03738206,-0.015266119,-0.0050727203,0.007260409,0.015421302,0.026074717,0.037173048,0.050976783,0.0695426,2021-11,2021-11-15,55909,-0.022793386
55909,2021-12-01,0.014377967,-0.038280547,-0.014786379,-0.00504319,0.0063769445,0.014377967,0.024067804,0.03527382,0.047799595,0.0684687,2021-12,2021-12-15,55909,0.0162824566
55909,2022-01-01,-0.0029943492,-0.07532272,-0.051785313,-0.028419571,-0.01737116,-0.0029943492,0.0075842636,0.026182558,0.039163455,0.07281304,2022-01,2022-01-15,55909,-0.006957534
56093,2021-11-01,-0.018786028,-0.11060271,-0.07352665,-0.054583568,-0.03440097,-0.018786028,-0.0012843611,0.018876025,0.04326261,0.07283463,2021-11,2021-11-15,56093,-0.023790805
56093,2021-12-01,-0.034974195,-0.13303958,-0.090657935,-0.0708822,-0.05027388,-0.034974195,-0.017431637,0.004129335,0.027356407,0.06111037,2021-12,2021-12-15,56093,-0.004678868
56093,2022-01-01,-0.0656264,-0.20950602,-0.16089946,-0.11376606,-0.08829091,-0.0656264,-0.03420589,-0.0009873133,0.027342537,0.08970239,2022-01,2022-01-15,56093,0.0473267123
56094,2021-11-01,-0.012370173,-0.048545208,-0.03416647,-0.02611386,-0.018115263,-0.012370173,-0.0047857477,0.0028066165,0.012917822,0.025291217,2021-11,2021-11-15,56094,-0.01141719
56094,2021-12-01,-0.0151873585,-0.05289214,-0.036866616,-0.02877026,-0.020893965,-0.0151873585,-0.007972077,-0.00014874106,0.00969745,0.023441887,2021-12,2021-12-15,56094,0.0047099738
56094,2022-01-01,-0.025851559,-0.07578604,-0.058395308,-0.04287793,-0.034387413,-0.025851559,-0.015113659,-0.0036418578,0.005931373,0.028741878,2022-01,2022-01-15,56094,0.0194222077
56096,2021-11-01,-0.00819688,-0.034382414,-0.0239933,-0.018175486,-0.01223554,-0.00819688,-0.0026275744,0.0027176084,0.010175497,0.019041033,2021-11,2021-11-15,56096,-0.008593099
56096,2021-12-01,-0.010313299,-0.03736394,-0.025977459,-0.020088125,-0.014303895,-0.010313299,-0.0050142696,0.0004673025,0.0076884134,0.017492205,2021-12,2021-12-15,56096,0.0034778643
56096,2022-01-01,-0.016445484,-0.050728872,-0.038971364,-0.028373325,-0.022541435,-0.016445484,-0.009224745,-0.001380391,0.005353178,0.020863745,2022-01,2022-01-15,56096,0.0106191932
56509,2021-11-01,-0.0054874243,-0.06936796,-0.044692263,-0.031050928,-0.016932566,-0.0054874243,0.007047909,0.021473916,0.037099823,0.059759535,2021-11,2021-11-15,56509,-0.0423
56509,2021-12-01,-0.010934602,-0.07666335,-0.04865136,-0.035317086,-0.020977251,-0.010934602,0.0014688652,0.01564044,0.031702846,0.05569745,2021-12,2021-12-15,56509,-0.0354
56509,2022-01-01,-0.028900687,-0.116295554,-0.08652037,-0.059196055,-0.043794427,-0.028900687,-0.010914019,0.009662414,0.02486306,0.0652218,2022-01,2022-01-15,56509,-0.0627
57863,2021-11-01,-0.0047259564,-0.041591242,-0.025435407,-0.018442191,-0.010111548,-0.0047259564,0.0038323237,0.0110926675,0.020995226,0.033956077,2021-11,2021-11-15,57863,-0.025037168
57863,2021-12-01,-0.0076311557,-0.045500506,-0.027594738,-0.020809948,-0.012871529,-0.0076311557,0.00044896174,0.007938591,0.01743253,0.03183441,2021-12,2021-12-15,57863,-0.032216487
57863,2022-01-01,-0.020148128,-0.07134944,-0.05304066,-0.037188686,-0.029338002,-0.020148128,-0.009795742,0.0018713516,0.011318513,0.03557846,2022-01,2022-01-15,57863,-0.023509934
57876,2021-11-01,-0.0019807005,-0.028206509,-0.017534187,-0.011886613,-0.0061719185,-0.0019807005,0.00381554,0.009033216,0.016119253,0.02546696,2021-11,2021-11-15,57876,-0.009720223
57876,2021-12-01,-0.0032091928,-0.029747836,-0.018142192,-0.012641026,-0.0073437765,-0.0032091928,0.0020373352,0.0073288297,0.014093771,0.02436549,2021-12,2021-12-15,57876,-0.000382356
57876,2022-01-01,-0.010376896,-0.04682676,-0.03429263,-0.022728808,-0.017086228,-0.010376896,-0.00370865,0.0050177346,0.011886742,0.028807301,2022-01,2022-01-15,57876,-0.022825495
57968,2021-11-01,0.014400359,-0.088725924,-0.047384977,-0.025292354,-0.0030525997,0.014400359,0.032494698,0.055405594,0.08287505,0.117931135,2021-11,2021-11-15,57968,-0.0477
57968,2021-12-01,0.005090967,-0.10069569,-0.05548747,-0.033640124,-0.012115316,0.005090967,0.02237362,0.04588258,0.07148598,0.11035978,2021-12,2021-12-15,57968,0.0671
57968,2022-01-01,-0.018470025,-0.15833995,-0.11089547,-0.06687137,-0.04346121,-0.018470025,0.0057498673,0.041592486,0.06822637,0.12964688,2022-01,2022-01-15,57968,0.0695
57976,2021-11-01,-0.012057941,-0.07074772,-0.046997648,-0.034906432,-0.02188441,-0.012057941,0.00018520653,0.012803426,0.028922154,0.048283733,2021-11,2021-11-15,57976,-0.008448199
57976,2021-12-01,-0.020712916,-0.082302555,-0.055438463,-0.043396592,-0.030190306,-0.020712916,-0.008576082,0.0044410876,0.019915862,0.04129379,2021-12,2021-12-15,57976,-0.070055157
57976,2022-01-01,-0.048468124,-0.14796846,-0.11311039,-0.080716744,-0.063926704,-0.048468124,-0.02553994,-0.0039952197,0.015182098,0.059035376,2022-01,2022-01-15,57976,-0.078592093
58002,2021-11-01,-0.0043527717,-0.047596253,-0.029547235,-0.020701336,-0.011083163,-0.0043527717,0.0049119275,0.013787556,0.025085676,0.039592907,2021-11,2021-11-15,58002,-0.017
58002,2021-12-01,-0.0069224276,-0.050549764,-0.030876523,-0.022357592,-0.013291313,-0.0069224276,0.0016430812,0.010759509,0.021377819,0.037394084,2021-12,2021-12-15,58002,-0.0081
58002,2022-01-01,-0.01883797,-0.07963406,-0.058970932,-0.039652,-0.030109035,-0.01883797,-0.0076474184,0.0068936655,0.01885394,0.046643242,2022-01,2022-01-15,58002,-0.016
70062,2021-11-01,0.0012767196,-0.017591842,-0.009746463,-0.0060758563,-0.0017262378,0.0012767196,0.0051723775,0.009018101,0.013993059,0.02044354,2021-11,2021-11-15,70062,-0.011325028
70062,2021-12-01,0.0007288784,-0.018018918,-0.009614235,-0.006150729,-0.0020820869,0.0007288784,0.004259,0.008116203,0.012801738,0.019796751,2021-12,2021-12-15,70062,0.0062001145
70062,2022-01-01,-0.0030428788,-0.02752087,-0.019258924,-0.011813273,-0.007906332,-0.0030428788,0.00093453703,0.006798857,0.011337724,0.022640515,2022-01,2022-01-15,70062,-0.023904382
70122,2021-11-01,0.0016582794,-0.036763024,-0.02012739,-0.012870441,-0.0040758,0.0016582794,0.010191832,0.01819662,0.028549768,0.04210006,2021-11,2021-11-15,70122,-0.006138368
70122,2021-12-01,-0.0009598499,-0.03992624,-0.021688305,-0.014801598,-0.00623734,-0.0009598499,0.007313962,0.0152795175,0.025120176,0.039771885,2021-12,2021-12-15,70122,-0.01374579
70122,2022-01-01,-0.01477483,-0.06915648,-0.050094724,-0.032872487,-0.024400398,-0.01477483,-0.0039986717,0.008747716,0.018734984,0.04459452,2022-01,2022-01-15,70122,-0.059633338
70153,2021-11-01,-0.0018034689,-0.024391927,-0.014900506,-0.01058848,-0.005356738,-0.0018034689,0.003159172,0.0077220304,0.013791533,0.021502819,2021-11,2021-11-15,70153,-0.021568478
70153,2021-12-01,-0.0031884261,-0.025958866,-0.015604667,-0.011499915,-0.006375144,-0.0031884261,0.0015715377,0.0060574813,0.011968544,0.020147098,2021-12,2021-12-15,70153,0.0053525628
70153,2022-01-01,-0.01131014,-0.044231083,-0.03259117,-0.02225767,-0.016843557,-0.01131014,-0.0043915794,0.0030003772,0.009181762,0.024424102,2022-01,2022-01-15,70153,-0.025488069
71073,2021-11-01,-0.017712653,-0.06635839,-0.047706235,-0.03712751,-0.02548285,-0.017712653,-0.00841672,0.0019482933,0.015704107,0.03041641,2021-11,2021-11-15,71073,-0.040229885
71073,2021-12-01,-0.024720855,-0.076305315,-0.055506527,-0.044193737,-0.032470915,-0.024720855,-0.015375653,-0.0044463566,0.0088111255,0.025876518,2021-12,2021-12-15,71073,-0.042016168
71073,2022-01-01,-0.034209132,-0.09674975,-0.07641433,-0.056693304,-0.045042906,-0.034209132,-0.020620322,-0.005694671,0.00726982,0.033814717,2022-01,2022-01-15,71073,-0.0375
71131,2021-11-01,0.00023880514,-0.012724952,-0.007287154,-0.0046733953,-0.0016973326,0.00023880514,0.0030126888,0.0056383917,0.009007453,0.013443153,2021-11,2021-11-15,71131,-0.014557287
71131,2021-12-01,-0.00016775331,-0.0131877335,-0.0073042205,-0.0048215445,-0.0020870033,-0.00016775331,0.002308395,0.0050360356,0.00811051,0.013124865,2021-12,2021-12-15,71131,0.003549635
71131,2022-01-01,-0.003201003,-0.020325746,-0.0145231,-0.0094456505,-0.006838843,-0.003201003,-0.00073122804,0.0034654108,0.0064711813,0.014454604,2022-01,2022-01-15,71131,0.0010822511
71132,2021-11-01,-0.00012129906,-0.013249567,-0.0077550616,-0.0051740473,-0.0021000712,-0.00012129906,0.0026120138,0.005323394,0.00882027,0.013260998,2021-11,2021-11-15,71132,-0.014581735
71132,2021-12-01,-0.0005434806,-0.013757147,-0.007809234,-0.0053623375,-0.002501422,-0.0005434806,0.0019015793,0.004702611,0.007929011,0.012934323,2021-12,2021-12-15,71132,0.0035192049
71132,2022-01-01,-0.0035165783,-0.020623436,-0.0147877345,-0.00977552,-0.007142538,-0.0035165783,-0.001032315,0.003185465,0.0061978716,0.014128879,2022-01,2022-01-15,71132,0.00109554
71134,2021-11-01,-0.0038712495,-0.030379748,-0.01901693,-0.013902554,-0.007978054,-0.0038712495,0.0019575108,0.0072726887,0.014386244,0.02369522,2021-11,2021-11-15,71134,-0.026979804
71134,2021-12-01,-0.0056392574,-0.03264761,-0.020173956,-0.0151992235,-0.009364381,-0.0056392574,-6.8964437e-07,0.005271526,0.012309075,0.022202738,2021-12,2021-12-15,71134,0.0004809655
71134,2022-01-01,-0.01656972,-0.055394314,-0.041497458,-0.029212175,-0.022768112,-0.01656972,-0.007900707,0.00046740286,0.007725313,0.025827227,2022-01,2022-01-15,71134,-0.038902085
71139,2021-11-01,-0.0040183607,-0.040221788,-0.025537768,-0.017154723,-0.009717403,-0.0040183607,0.0037017497,0.010986204,0.020900624,0.034186818,2021-11,2021-11-15,71139,-0.026961563
71139,2021-12-01,-0.0060034813,-0.04314187,-0.027017793,-0.018725578,-0.011407083,-0.0060034813,0.0014530816,0.008605537,0.018466013,0.032610454,2021-12,2021-12-15,71139,0.0004713122
71139,2022-01-01,-0.019223876,-0.069187544,-0.05128918,-0.03552234,-0.027444338,-0.019223876,-0.008566273,0.0026486781,0.011685146,0.03510464,2022-01,2022-01-15,71139,-0.038867817
71140,2021-11-01,-0.00752181,-0.08909115,-0.053983815,-0.038791873,-0.01999079,-0.00752181,0.010546256,0.027541365,0.049774054,0.07773934,2021-11,2021-11-15,71140,-0.025
71140,2021-12-01,-0.016186602,-0.10051735,-0.06149596,-0.04683552,-0.028065257,-0.016186602,0.0014318395,0.018649863,0.040224478,0.07056512,2021-12,2021-12-15,71140,0.0089000003
71140,2022-01-01,-0.05466313,-0.18231073,-0.13665468,-0.09551221,-0.075290136,-0.05466313,-0.025989,0.0020982865,0.025940113,0.08503768,2022-01,2022-01-15,71140,-0.123
71160,2021-11-01,-0.006179056,-0.041153133,-0.026625844,-0.019653475,-0.011249648,-0.006179056,0.0015726625,0.008019429,0.018207876,0.029802425,2021-11,2021-11-15,71160,-0.009461857
71160,2021-12-01,-0.007428499,-0.043122873,-0.027553054,-0.020613551,-0.012530485,-0.007428499,-0.00019796425,0.0064823455,0.016252168,0.029228797,2021-12,2021-12-15,71160,-0.010249254
71160,2022-01-01,-0.015855657,-0.05968538,-0.045053978,-0.03168833,-0.024630649,-0.015855657,-0.008520544,0.002071252,0.010696366,0.030531147,2022-01,2022-01-15,71160,-0.006031363
71475,2021-11-01,-0.0011334103,-0.039786585,-0.02355551,-0.015950505,-0.007145186,-0.0011334103,0.007314519,0.015369821,0.025720254,0.039119016,2021-11,2021-11-15,71475,-0.033854835
71475,2021-12-01,-0.0028897934,-0.041515272,-0.023942742,-0.016817592,-0.00829869,-0.0028897934,0.0051041404,0.012952065,0.022896685,0.037108246,2021-12,2021-12-15,71475,0.0166241837
71475,2022-01-01,-0.016299497,-0.071440995,-0.05214845,-0.034651473,-0.025887396,-0.016299497,-0.005396531,0.0075053116,0.01774985,0.04343443,2022-01,2022-01-15,71475,-0.06227154
71590,2021-11-01,0.001966957,-0.02038385,-0.010828241,-0.0065282453,-0.001512086,0.001966957,0.0068298257,0.011450936,0.017485376,0.025355473,2021-11,2021-11-15,71590,-0.012374653
71590,2021-12-01,0.00020796806,-0.02289581,-0.0122378105,-0.008040323,-0.0029662875,0.00020796806,0.0051041497,0.009634305,0.015608517,0.024119418,2021-12,2021-12-15,71590,0.0011097645
71590,2022-01-01,-0.009325952,-0.042794753,-0.030912269,-0.02014494,-0.01463214,-0.009325952,-0.0021618158,0.0053800973,0.011605892,0.027048558,2022-01,2022-01-15,71590,-0.037586847
71591,2021-11-01,0.0020086896,-0.02009919,-0.010626419,-0.0064108605,-0.0014392631,0.0020086896,0.0068498803,0.011406589,0.017287217,0.025023423,2021-11,2021-11-15,71591,-0.012676372
71591,2021-12-01,0.00016224943,-0.022749498,-0.0121457735,-0.008020817,-0.003026004,0.00016224943,0.0049936865,0.0095275,0.015334489,0.02377313,2021-12,2021-12-15,71591,0.0008980945
71591,2022-01-01,-0.009110552,-0.04223585,-0.030562274,-0.019855045,-0.014524207,-0.009110552,-0.0021327697,0.0053912867,0.011473562,0.0268685,2022-01,2022-01-15,71591,-0.037844453
71593,2021-11-01,0.00086010713,-0.021491779,-0.011972105,-0.0076343603,-0.0026289178,0.00086010713,0.0057209157,0.010329872,0.016386481,0.024264276,2021-11,2021-11-15,71593,-0.013630669
71593,2021-12-01,-0.0009521991,-0.024063217,-0.013447519,-0.009206418,-0.004147862,-0.0009521991,0.0039356844,0.008462642,0.014453243,0.022984777,2021-12,2021-12-15,71593,-0.0001
71593,2022-01-01,-0.010326458,-0.0435514,-0.031761467,-0.021093965,-0.015633581,-0.010326458,-0.003259915,0.004273435,0.010412987,0.025727097,2022-01,2022-01-15,71593,-0.038815221
71959,2021-11-01,0.01197702,-0.0436543,-0.020229021,-0.009561118,0.0034293765,0.01197702,0.023653919,0.034774724,0.049785845,0.0695846,2021-11,2021-11-15,71959,-0.072326108
71959,2021-12-01,0.01161425,-0.04343178,-0.018724011,-0.008655593,0.0032986328,0.01161425,0.022113968,0.03324006,0.046933927,0.06875077,2021-12,2021-12-15,71959,0.016199047
71959,2022-01-01,-0.0026492104,-0.07750154,-0.05287593,-0.029110221,-0.01688405,-0.0026492104,0.008514468,0.027445916,0.041860387,0.07618733,2022-01,2022-01-15,71959,-0.078016496
72797,2021-11-01,0.0017603664,-0.064302474,-0.03653066,-0.022712894,-0.008052332,0.0017603664,0.016421454,0.029651798,0.048201125,0.07223625,2021-11,2021-11-15,72797,-0.080610605
72797,2021-12-01,-0.001778163,-0.069731444,-0.03924397,-0.025709074,-0.011927288,-0.001778163,0.0118926875,0.02549327,0.043049194,0.069942586,2021-12,2021-12-15,72797,-0.05573647
72797,2022-01-01,-0.021208327,-0.11132315,-0.07968567,-0.051501818,-0.03760875,-0.021208327,-0.0046117995,0.017147059,0.034673043,0.07702496,2022-01,2022-01-15,72797,-0.096545342
73012,2021-11-01,0.015309389,-0.07890931,-0.03790607,-0.020466171,0.001468258,0.015309389,0.036308926,0.054270625,0.08008502,0.11419532,2021-11,2021-11-15,73012,-0.0035
73012,2021-12-01,0.010353014,-0.0853772,-0.040817637,-0.024127036,-0.0033644997,0.010353014,0.030369258,0.04855412,0.07259449,0.11035246,2021-12,2021-12-15,73012,0.0618
73012,2022-01-01,-0.024407279,-0.15717125,-0.112500444,-0.06942931,-0.04831228,-0.024407279,-0.0010339059,0.031270392,0.056265295,0.1184399,2022-01,2022-01-15,73012,-0.1165
73323,2021-11-01,-0.0022922477,-0.026654184,-0.016546667,-0.01173678,-0.0062884707,-0.0022922477,0.0025919995,0.0076188,0.013696084,0.02169737,2021-11,2021-11-15,73323,0.0227
73323,2021-12-01,-0.0041019255,-0.028313283,-0.017449968,-0.012814037,-0.00765331,-0.0041019255,0.00042958627,0.005502455,0.011327222,0.019807428,2021-12,2021-12-15,73323,0.0094
73323,2022-01-01,-0.010426441,-0.044153962,-0.032571107,-0.022159617,-0.016749615,-0.010426441,-0.0041991416,0.003464232,0.009554751,0.025061002,2022-01,2022-01-15,73323,0.0015
73462,2021-11-01,0.0017631347,-0.047100175,-0.026422866,-0.017132236,-0.0059719225,0.0017631347,0.0123046925,0.022434367,0.035398148,0.052508682,2021-11,2021-11-15,73462,0.0098876833
73462,2021-12-01,-0.0019687917,-0.051954493,-0.029141106,-0.020198904,-0.0095107015,-0.0019687917,0.008096506,0.018525176,0.030667093,0.049777485,2021-12,2021-12-15,73462,-0.017944186
73462,2022-01-01,-0.016812446,-0.08533427,-0.061949722,-0.04039156,-0.029941496,-0.016812446,-0.0045614513,0.012124684,0.024235677,0.056786567,2022-01,2022-01-15,73462,-0.06696859
74181,2021-11-01,0.0021616383,-0.016368167,-0.008318164,-0.0049476204,-0.0006196429,0.0021616383,0.0062587257,0.009926097,0.0148376245,0.021368342,2021-11,2021-11-15,74181,-0.0119
74181,2021-12-01,0.0015295593,-0.01707022,-0.008345479,-0.005164288,-0.0010807151,0.0015295593,0.005360198,0.009026251,0.013682624,0.020810947,2021-12,2021-12-15,74181,0.0054
74181,2022-01-01,-0.0041970927,-0.03001448,-0.020995216,-0.013155274,-0.00906767,-0.0041970927,0.00027817907,0.0063392725,0.01115797,0.023376007,2022-01,2022-01-15,74181,0.0
74667,2021-11-01,0.004112906,-0.008907228,-0.0033450965,-0.0007225848,0.002155249,0.004112906,0.006890489,0.009376249,0.012847003,0.017653905,2021-11,2021-11-15,74667,0.00480193
74667,2021-12-01,0.0040380144,-0.009088379,-0.003181329,-0.0005740407,0.0020824242,0.0040380144,0.0065886024,0.009074662,0.012360799,0.017620249,2021-12,2021-12-15,74667,0.00956979
74667,2022-01-01,0.0008784048,-0.015073812,-0.009685957,-0.004834218,-0.002345697,0.0008784048,0.0032415176,0.007014251,0.009865923,0.01731987,2022-01,2022-01-15,74667,0.00190856
75921,2021-11-01,0.0011976402,-0.021171156,-0.01181873,-0.007482082,-0.0022624596,0.0011976402,0.00574912,0.010173424,0.016193438,0.023838414,2021-11,2021-11-15,75921,-0.002414147
75921,2021-12-01,0.0013725437,-0.021104777,-0.0111817485,-0.0069827624,-0.0021163726,0.0013725437,0.0053406726,0.009978951,0.015593027,0.024183743,2021-12,2021-12-15,75921,0.0080674632
75921,2022-01-01,-0.0030600543,-0.030995412,-0.021707244,-0.013549953,-0.009158331,-0.0030600543,0.00028204714,0.0074446807,0.012495394,0.025091134,2022-01,2022-01-15,75921,0.0022203553
75922,2021-11-01,0.0014228531,-0.020761957,-0.011455731,-0.007185399,-0.0019993766,0.0014228531,0.005944515,0.010315882,0.016238388,0.023809155,2021-11,2021-11-15,75922,-0.002590837
75922,2021-12-01,0.0016647425,-0.020632071,-0.010770987,-0.0066289715,-0.0017756347,0.0016647425,0.00560589,0.010200697,0.015741644,0.024232326,2021-12,2021-12-15,75922,0.0077560568
75922,2022-01-01,-0.0028725,-0.030644653,-0.021442046,-0.0133148255,-0.008952057,-0.0028725,0.0004209631,0.0074927374,0.012516686,0.025026442,2022-01,2022-01-15,75922,0.0020115665
75923,2021-11-01,0.0005281387,-0.021871706,-0.01257877,-0.008201653,-0.0029410454,0.0005281387,0.0050563943,0.00945763,0.015554998,0.023116209,2021-11,2021-11-15,75923,-0.003509757
75923,2021-12-01,0.0007583825,-0.021781158,-0.011946064,-0.007677612,-0.0027216594,0.0007583825,0.004728975,0.0093545355,0.015080627,0.023583014,2021-12,2021-12-15,75923,0.0068033531
75923,2022-01-01,-0.0035638069,-0.031523183,-0.022276124,-0.014121822,-0.009685749,-0.0035638069,-0.00024164759,0.0069445465,0.012091221,0.024577865,2022-01,2022-01-15,75923,0.0009794319
76544,2021-11-01,0.0034678779,-0.019586094,-0.009665233,-0.005345748,-0.00015207147,0.0034678779,0.00843431,0.013231353,0.019265203,0.027472645,2021-11,2021-11-15,76544,-0.012251033
76544,2021-12-01,0.0020855232,-0.02161273,-0.010638309,-0.006421732,-0.0013312818,0.0020855232,0.0069793807,0.011815732,0.017615288,0.02669087,2021-12,2021-12-15,76544,-0.006073216
76544,2022-01-01,-0.0058692116,-0.038190447,-0.02692191,-0.016790956,-0.011671876,-0.0058692116,9.301538e-05,0.007904498,0.013781245,0.029056579,2022-01,2022-01-15,76544,-0.017032189
76545,2021-11-01,0.0036777155,-0.019220466,-0.009390205,-0.005104113,6.7062676e-05,0.0036777155,0.008611444,0.01335679,0.019292742,0.02739668,2021-11,2021-11-15,76545,-0.012675169
76545,2021-12-01,0.002310657,-0.021203432,-0.010333197,-0.006149977,-0.0011373148,0.002310657,0.0071166563,0.011943817,0.017605318,0.026618434,2021-12,2021-12-15,76545,-0.0063196
76545,2022-01-01,-0.005293284,-0.037298657,-0.026209736,-0.016205048,-0.011196233,-0.005293284,0.00045053847,0.008229538,0.013991715,0.02913502,2022-01,2022-01-15,76545,-0.017291182
76546,2021-11-01,0.0021395907,-0.021180447,-0.011200614,-0.006775006,-0.00152785,0.0021395907,0.0071242107,0.0119948,0.018186567,0.02647638,2021-11,2021-11-15,76546,-0.013638963
76546,2021-12-01,0.0006960104,-0.023251152,-0.012229025,-0.0079183765,-0.0027567218,0.0006960104,0.005616682,0.010509191,0.016459113,0.025612064,2021-12,2021-12-15,76546,-0.007326014
76546,2022-01-01,-0.007182008,-0.03982066,-0.02839702,-0.018207638,-0.012979118,-0.007182008,-0.0011237776,0.0067944485,0.012774013,0.028139161,2022-01,2022-01-15,76546,-0.018241452
77097,2021-11-01,0.005856728,-0.019045338,-0.008905029,-0.0036394417,0.0021713397,0.005856728,0.010869758,0.015708232,0.022116471,0.03061666,2021-11,2021-11-15,77097,0.0075
77097,2021-12-01,0.0066235876,-0.018049859,-0.0074443053,-0.0023554226,0.002966764,0.0066235876,0.010874177,0.015920682,0.021743665,0.031293012,2021-12,2021-12-15,77097,0.0037
77097,2022-01-01,0.00057156465,-0.032225404,-0.02161743,-0.011850345,-0.0067286547,0.00057156465,0.0041482532,0.01219648,0.018158648,0.032864,2022-01,2022-01-15,77097,0.0065
77501,2021-11-01,0.008778055,-0.05885792,-0.030990098,-0.01794666,-0.0022234665,0.008778055,0.023312436,0.037126355,0.05477778,0.077752985,2021-11,2021-11-15,77501,-0.048230092
77501,2021-12-01,0.0053289896,-0.062361795,-0.032341532,-0.019972578,-0.005357896,0.0053289896,0.018426185,0.032531593,0.048871312,0.074460275,2021-12,2021-12-15,77501,0.0128224919
77501,2022-01-01,-0.014806452,-0.112467684,-0.080298126,-0.0484551,-0.033416837,-0.014806452,0.001177609,0.02577379,0.04425923,0.08883121,2022-01,2022-01-15,77501,-0.059795484
77510,2021-11-01,0.00482154,-0.030793533,-0.015911277,-0.009135894,-0.0008610757,0.00482154,0.012554223,0.019620627,0.028790727,0.04083986,2021-11,2021-11-15,77510,0.004601134
77510,2021-12-01,0.0019597164,-0.034017712,-0.017726775,-0.011281247,-0.0034810565,0.0019597164,0.009161249,0.016412206,0.024948575,0.03829403,2021-12,2021-12-15,77510,0.026198906
77510,2022-01-01,-0.007860451,-0.05854502,-0.04149348,-0.025684249,-0.017815191,-0.007860451,0.00074192975,0.012734454,0.02183861,0.04536394,2022-01,2022-01-15,77510,-0.035911981
77877,2021-11-01,0.0006803388,-0.043521177,-0.024986273,-0.016380858,-0.0065991567,0.0006803388,0.009251561,0.018628862,0.029910557,0.044377062,2021-11,2021-11-15,77877,-0.017818751
77877,2021-12-01,-0.005216831,-0.05231812,-0.031199146,-0.022264516,-0.012547256,-0.005216831,0.0032705353,0.013448035,0.023973789,0.040913254,2021-12,2021-12-15,77877,0.0218554503
77877,2022-01-01,-0.014346002,-0.07223076,-0.053094044,-0.034794677,-0.025499443,-0.014346002,-0.0039358786,0.010316221,0.020581458,0.046706818,2022-01,2022-01-15,77877,-0.011269951
78217,2021-11-01,0.00083063357,-0.032832853,-0.019342113,-0.012352932,-0.0045729233,0.00083063357,0.00791725,0.014992634,0.023631394,0.034444634,2021-11,2021-11-15,78217,-0.002236455
78217,2021-12-01,-0.0017977795,-0.03536986,-0.020667896,-0.013977537,-0.0064833146,-0.0017977795,0.004888539,0.011873883,0.02014342,0.03161937,2021-12,2021-12-15,78217,0.0122311089
78217,2022-01-01,-0.012521427,-0.06295553,-0.0455871,-0.029652013,-0.021291774,-0.012521427,-0.0025389735,0.0090809185,0.018650379,0.041657962,2022-01,2022-01-15,78217,-0.042195134
78567,2021-11-01,0.0072230306,-0.03567932,-0.018040784,-0.0093175685,0.0005429003,0.0072230306,0.015787207,0.024221923,0.035895225,0.050929155,2021-11,2021-11-15,78567,-0.033
78567,2021-12-01,0.0068422304,-0.03610589,-0.01743799,-0.00901136,-1.2238976e-05,0.0068422304,0.014268074,0.023211055,0.03373669,0.05075422,2021-12,2021-12-15,78567,0.0283000002
78567,2022-01-01,-0.0037806975,-0.058972456,-0.041357346,-0.023703594,-0.0151475305,-0.0037806975,0.003358007,0.017839279,0.02792992,0.05310165,2022-01,2022-01-15,78567,-0.034
79127,2021-11-01,-0.0056974217,-0.06098675,-0.039893225,-0.027907336,-0.015758988,-0.0056974217,0.0048909495,0.017530404,0.030524494,0.050260022,2021-11,2021-11-15,79127,0.0062
79127,2021-12-01,-0.009075997,-0.0656575,-0.04181958,-0.030087592,-0.01793842,-0.009075997,0.001184422,0.013619428,0.027091995,0.047926158,2021-12,2021-12-15,79127,-0.0391
79127,2022-01-01,-0.021763735,-0.09449092,-0.069935426,-0.04752127,-0.034390777,-0.021763735,-0.0071342466,0.010121046,0.0229563,0.05633559,2022-01,2022-01-15,79127,-0.0609
80207,2021-11-01,0.0012602328,-0.02112276,-0.011778706,-0.007428186,-0.0022049826,0.0012602328,0.005821596,0.010259973,0.016299743,0.023965966,2021-11,2021-11-15,80207,-0.001937734
80207,2021-12-01,0.0013722884,-0.021100018,-0.011173142,-0.0069752354,-0.0021254893,0.0013722884,0.005348576,0.009988189,0.0155978715,0.024223747,2021-12,2021-12-15,80207,0.0084425835
80207,2022-01-01,-0.0030245355,-0.031006893,-0.02167485,-0.013522418,-0.009130448,-0.0030245355,0.0003498471,0.0075275283,0.012555855,0.025209852,2022-01,2022-01-15,80207,0.0026309035
80234,2021-11-01,0.0009633871,-0.025112431,-0.013691782,-0.008878439,-0.002851718,0.0009633871,0.006916452,0.012048397,0.019262679,0.028567668,2021-11,2021-11-15,80234,-0.0101
80234,2021-12-01,-0.0011293059,-0.028198436,-0.015499798,-0.01076623,-0.0049391324,-0.0011293059,0.004621702,0.009916846,0.01684101,0.027240176,2021-12,2021-12-15,80234,-0.0115
80234,2022-01-01,-0.011056206,-0.048093274,-0.03497016,-0.023242775,-0.01748377,-0.011056206,-0.0034401175,0.005045389,0.011987276,0.02961431,2022-01,2022-01-15,80234,-0.0153
80303,2021-11-01,0.0031211525,-0.02042707,-0.010308248,-0.0058452627,-0.00056560524,0.0031211525,0.008166961,0.013100624,0.019396516,0.027836248,2021-11,2021-11-15,80303,-0.012005471
80303,2021-12-01,0.0017525828,-0.022454843,-0.011271189,-0.006933843,-0.0016749604,0.0017525828,0.006798257,0.0116818305,0.017787213,0.02702007,2021-12,2021-12-15,80303,-0.005688597
80303,2022-01-01,-0.0065406123,-0.03952178,-0.027917951,-0.017581359,-0.01225,-0.0065406123,-0.00022717286,0.007675654,0.013762705,0.029266797,2022-01,2022-01-15,80303,-0.016602217
80641,2021-11-01,0.0026981784,-0.01882862,-0.009448328,-0.0054806797,-0.0006105099,0.0026981784,0.0074205515,0.011837621,0.017551582,0.025292896,2021-11,2021-11-15,80641,-0.006187857
80641,2021-12-01,0.0015120897,-0.02059006,-0.010208945,-0.0063815163,-0.0015920661,0.0015120897,0.0061540226,0.010567454,0.016109306,0.024570122,2021-12,2021-12-15,80641,-0.007922894
80641,2022-01-01,-0.006165757,-0.035776295,-0.025366198,-0.016107548,-0.01147817,-0.006165757,-0.0005301954,0.00649533,0.011810536,0.025887843,2022-01,2022-01-15,80641,-0.0099764
80645,2021-11-01,0.0020549977,-0.020403583,-0.010833761,-0.0064678974,-0.0014447235,0.0020549977,0.0069512194,0.011582679,0.017685141,0.025650905,2021-11,2021-11-15,80645,-0.011980603
80645,2021-12-01,0.00041355472,-0.022756692,-0.012106415,-0.007850878,-0.0027631884,0.00041355472,0.0053482675,0.009849522,0.015903544,0.0244656,2021-12,2021-12-15,80645,0.0015841497
80645,2022-01-01,-0.009228356,-0.04248042,-0.030634243,-0.01995695,-0.014462685,-0.009228356,-0.002063321,0.0054153455,0.0115712695,0.026879434,2022-01,2022-01-15,80645,-0.03718115
81698,2021-11-01,-0.007460814,-0.08094456,-0.047955085,-0.035007004,-0.017405953,-0.007460814,0.009758642,0.022886159,0.042973597,0.06831867,2021-11,2021-11-15,81698,0.1299
81698,2021-12-01,-0.012686236,-0.08687551,-0.05125984,-0.039053075,-0.022483863,-0.012686236,0.0033240968,0.016841292,0.035593867,0.06313013,2021-12,2021-12-15,81698,0.0183
81698,2022-01-01,-0.031412553,-0.13113785,-0.09480047,-0.06610842,-0.048822597,-0.031412553,-0.0122653525,0.009803684,0.028904917,0.074333444,2022-01,2022-01-15,81698,0.0396
81711,2021-11-01,0.0052743983,-0.052287266,-0.028516697,-0.017280055,-0.004106557,0.0052743983,0.017832318,0.02942843,0.044564053,0.06459438,2021-11,2021-11-15,81711,-0.04071632
81711,2021-12-01,0.0015100949,-0.056448355,-0.030614385,-0.019904265,-0.0074460674,0.0015100949,0.013217967,0.02488243,0.039159585,0.061073266,2021-12,2021-12-15,81711,0.0288195142
81711,2022-01-01,-0.017463574,-0.10235472,-0.07373645,-0.046286598,-0.03292141,-0.017463574,-0.002177421,0.018404609,0.033988155,0.073297836,2022-01,2022-01-15,81711,-0.078617367
82432,2021-11-01,0.012681618,-0.06320617,-0.030747391,-0.01611849,0.0012932196,0.012681618,0.030672489,0.044604395,0.06536,0.093010515,2021-11,2021-11-15,82432,0.0035356443
82432,2021-12-01,0.008449459,-0.068542875,-0.033019394,-0.019181073,-0.0028327778,0.008449459,0.025144825,0.0392033,0.058824338,0.08883385,2021-12,2021-12-15,82432,0.0189951389
82432,2022-01-01,-0.024459511,-0.13559729,-0.09723954,-0.060797468,-0.044044025,-0.024459511,-0.0027061477,0.022939539,0.043177724,0.09511396,2022-01,2022-01-15,82432,0.0123658948
82543,2021-11-01,0.007891827,-0.045939885,-0.023992885,-0.012245825,-0.000946478,0.007891827,0.018755943,0.029465685,0.043452077,0.063451804,2021-11,2021-11-15,82543,0.0003132832
82543,2021-12-01,0.0070397267,-0.047615632,-0.023748342,-0.012299225,-0.0015564654,0.0070397267,0.01714601,0.028027993,0.04143557,0.06327163,2021-12,2021-12-15,82543,0.0131874504
82543,2022-01-01,-0.0051455256,-0.069932714,-0.047339346,-0.028601423,-0.018233933,-0.0051455256,0.0045298897,0.02029249,0.031547517,0.061217632,2022-01,2022-01-15,82543,0.0019977008
82735,2021-11-01,0.005519096,-0.03549522,-0.018717716,-0.010863313,-0.0012486875,0.005519096,0.013788009,0.02243309,0.032873403,0.046711057,2021-11,2021-11-15,82735,-0.0476
82735,2021-12-01,0.0033689456,-0.038095213,-0.01993023,-0.012283143,-0.0032581985,0.0033689456,0.011016669,0.019998778,0.029461049,0.04530102,2021-12,2021-12-15,82735,0.0296
82735,2022-01-01,-0.008994753,-0.0675484,-0.048273973,-0.029728575,-0.020436645,-0.008994753,4.9225055e-06,0.0149126565,0.025712304,0.052425846,2022-01,2022-01-15,82735,-0.0536
82851,2021-11-01,0.0005409648,-0.017495595,-0.009760962,-0.0063067097,-0.0022249543,0.0005409648,0.0044781216,0.008200543,0.013127286,0.019526564,2021-11,2021-11-15,82851,-0.001133131
82851,2021-12-01,-0.000516532,-0.018927317,-0.010412125,-0.0071137184,-0.0030797776,-0.000516532,0.003342366,0.0070279613,0.011781982,0.018712074,2021-12,2021-12-15,82851,0.0112626893
82851,2022-01-01,-0.006544658,-0.031184327,-0.02250421,-0.014789592,-0.010923286,-0.006544658,-0.001735569,0.004127825,0.008605513,0.02026194,2022-01,2022-01-15,82851,-0.023967146
82948,2021-11-01,0.0045495485,-0.008054562,-0.0026417007,-0.00013909349,0.002647086,0.0045495485,0.007208309,0.009626642,0.013009815,0.017663026,2021-11,2021-11-15,82948,0.00689455
82948,2021-12-01,0.0043691336,-0.008413734,-0.0026213578,-0.00012342911,0.002490204,0.0043691336,0.0068762545,0.009284038,0.012514105,0.017614016,2021-12,2021-12-15,82948,0.00793467
82948,2022-01-01,0.0012625479,-0.014282359,-0.008996332,-0.004269185,-0.0017909966,0.0012625479,0.0036676528,0.007312725,0.010149267,0.017378304,2022-01,2022-01-15,82948,0.00143548
82981,2021-11-01,-0.005408363,-0.040137682,-0.025497524,-0.018699214,-0.010402603,-0.005408363,0.0024092114,0.008796327,0.018738186,0.030337267,2021-11,2021-11-15,82981,-0.008591886
82981,2021-12-01,-0.0068357773,-0.042424206,-0.026615921,-0.019877646,-0.011860282,-0.0068357773,0.00048067654,0.0071450053,0.016694486,0.0297097,2021-12,2021-12-15,82981,-0.009729273
82981,2022-01-01,-0.015768366,-0.060124896,-0.045295134,-0.03165213,-0.024564208,-0.015768366,-0.008183114,0.0023509464,0.011051509,0.031308986,2022-01,2022-01-15,82981,-0.004861449
83110,2021-11-01,0.0021847803,-0.048413254,-0.027781885,-0.017598353,-0.0066221347,0.0021847803,0.01174889,0.022685036,0.03625629,0.05246125,2021-11,2021-11-15,83110,-0.025141868
83110,2021-12-01,-0.009311202,-0.063456476,-0.039645664,-0.029067654,-0.017828442,-0.009311202,0.00046566594,0.012394061,0.025046695,0.04346383,2021-12,2021-12-15,83110,0.0075335993
83110,2022-01-01,-0.030687604,-0.11432912,-0.085825264,-0.05796913,-0.043909285,-0.030687604,-0.011979678,0.0068674944,0.02282196,0.05957172,2022-01,2022-01-15,83110,-0.088207327
83246,2021-11-01,-0.01660436,-0.06565218,-0.046760492,-0.036131848,-0.024455337,-0.01660436,-0.007250441,0.003154846,0.01702089,0.031866197,2021-11,2021-11-15,83246,-0.039170506
83246,2021-12-01,-0.02411871,-0.07652499,-0.055230003,-0.043820836,-0.03201673,-0.02411871,-0.014676668,-0.00356917,0.009760376,0.027147397,2021-12,2021-12-15,83246,-0.040867386
83246,2022-01-01,-0.034881923,-0.09899436,-0.07809445,-0.057762887,-0.045808963,-0.034881923,-0.020802692,-0.005623228,0.0075076856,0.03493988,2022-01,2022-01-15,83246,-0.0375
83254,2021-11-01,-0.0010376563,-0.040011186,-0.023614697,-0.015944725,-0.007078586,-0.0010376563,0.00750025,0.015611912,0.026119016,0.039740864,2021-11,2021-11-15,83254,-0.03300708
83254,2021-12-01,-0.0025899028,-0.041471895,-0.023758203,-0.016598752,-0.007961709,-0.0025899028,0.005547304,0.013360362,0.023500072,0.037813373,2021-12,2021-12-15,83254,0.0173437386
83254,2022-01-01,-0.016281066,-0.07156804,-0.052120093,-0.034629736,-0.025757596,-0.016281066,-0.00516495,0.0076653045,0.017982861,0.04372411,2022-01,2022-01-15,83254,-0.061487988
84009,2021-11-01,0.011154175,-0.023108423,-0.008199592,-0.0017249873,0.006132145,0.011154175,0.018476978,0.025032844,0.034076106,0.046370212,2021-11,2021-11-15,84009,0.0049932783
84009,2021-12-01,0.010880676,-0.023170289,-0.00733832,-0.001170231,0.006051595,0.010880676,0.01766545,0.024133656,0.03250031,0.045895692,2021-12,2021-12-15,84009,0.0266469903
84009,2022-01-01,0.0006855484,-0.043933,-0.028845478,-0.015085352,-0.008072224,0.0006855484,0.0072220513,0.017821738,0.02612038,0.04663325,2022-01,2022-01-15,84009,-0.016372146
84097,2021-11-01,0.0033178637,-0.00021770131,0.0013465497,0.0019643311,0.0027597146,0.0033178637,0.0040409965,0.004779473,0.005647917,0.0069236825,2021-11,2021-11-15,84097,0.0031676728
84097,2021-12-01,0.003187193,-0.0004198542,0.0013053925,0.0018965956,0.0026760106,0.003187193,0.003905794,0.0046217567,0.0054738475,0.006847866,2021-12,2021-12-15,84097,0.0028951615
84097,2022-01-01,0.0019905332,-0.00248589,-0.00092084706,0.000437723,0.0011375349,0.0019905332,0.0027819443,0.0038046383,0.004545711,0.006654352,2022-01,2022-01-15,84097,0.0056366365
84470,2021-11-01,0.0015586768,-0.026179954,-0.014770781,-0.009584291,-0.0029170583,0.0015586768,0.0076760584,0.012990646,0.02046058,0.030175027,2021-11,2021-11-15,84470,-0.043068841
84470,2021-12-01,0.0005159329,-0.027135346,-0.014963596,-0.010015165,-0.003836779,0.0005159329,0.0060522943,0.0114427805,0.018388238,0.029088799,2021-12,2021-12-15,84470,0.0260549617
84470,2022-01-01,-0.007730712,-0.046241034,-0.03345193,-0.02122397,-0.015235218,-0.007730712,-0.0016163839,0.007963925,0.014981154,0.0327624,2022-01,2022-01-15,84470,0.0183213042
84622,2021-11-01,0.008489044,-0.037841674,-0.017627858,-0.009117594,0.0014579631,0.008489044,0.018178307,0.027192328,0.039389126,0.05609166,2021-11,2021-11-15,84622,0.0392
84622,2021-12-01,0.0069964565,-0.03956239,-0.017883318,-0.009802699,0.0001594536,0.0069964565,0.015994832,0.02502001,0.036534667,0.054555863,2021-12,2021-12-15,84622,0.0693
84622,2022-01-01,-0.00903311,-0.06697271,-0.047173485,-0.02926661,-0.020317446,-0.00903311,0.00079204235,0.014346546,0.024237756,0.051532593,2022-01,2022-01-15,84622,0.0616
87054,2021-11-01,0.002936293,-0.0047539873,-0.0013998509,4.5442488e-05,0.0016934485,0.002936293,0.0044667483,0.0060706995,0.0080266185,0.010733812,2021-11,2021-11-15,87054,-0.0019
87054,2021-12-01,0.0020170615,-0.0061147716,-0.0023105373,-0.0008372348,0.00085066794,0.0020170615,0.003614867,0.0052524605,0.0071899183,0.010185695,2021-12,2021-12-15,87054,0.0046
87054,2022-01-01,-5.697366e-06,-0.009755828,-0.0063160453,-0.0033033937,-0.0017892718,-5.697366e-06,0.0019278598,0.0041678227,0.0057800733,0.010320235,2022-01,2022-01-15,87054,-0.0231
87116,2021-11-01,0.005805811,-0.03855308,-0.020699006,-0.011502976,-0.0012488132,0.005805811,0.014839945,0.024197,0.03560685,0.0505465,2021-11,2021-11-15,87116,-0.020019366
87116,2021-12-01,0.0041323765,-0.039851632,-0.020714832,-0.011977384,-0.002413503,0.0041323765,0.012364484,0.021781452,0.032257132,0.048800938,2021-12,2021-12-15,87116,-1.193093e-06
87116,2022-01-01,-0.005033844,-0.06759028,-0.046283808,-0.027716372,-0.017256873,-0.005033844,0.00451703,0.019827232,0.03197495,0.06039218,2022-01,2022-01-15,87116,-0.02492158
88587,2021-11-01,0.008062228,-0.009517673,-0.0015677838,0.0014551869,0.00554428,0.008062228,0.012105642,0.015218061,0.019800568,0.02624036,2021-11,2021-11-15,88587,0.0126
88587,2021-12-01,0.0076864343,-0.009722071,-0.001161865,0.0015910733,0.005419847,0.0076864343,0.011569447,0.0144568905,0.018829415,0.025682786,2021-12,2021-12-15,88587,0.0173
88587,2022-01-01,0.0011343956,-0.02090491,-0.013411541,-0.006461911,-0.0030475631,0.0011343956,0.005126948,0.010123659,0.01388512,0.024420077,2022-01,2022-01-15,88587,0.0112
88845,2021-11-01,0.0040454064,-0.03914386,-0.019817615,-0.011841554,-0.0021667033,0.0040454064,0.013737056,0.022335285,0.033944428,0.04980608,2021-11,2021-11-15,88845,0.003
88845,2021-12-01,0.0011507906,-0.04380677,-0.022225482,-0.01435538,-0.004872773,0.0011507906,0.010758625,0.019449115,0.03083268,0.048508488,2021-12,2021-12-15,88845,-0.006
88845,2022-01-01,-0.012779411,-0.06906108,-0.0491324,-0.031652495,-0.023035692,-0.012779411,-0.0018414566,0.011249711,0.021279465,0.048375063,2022-01,2022-01-15,88845,-0.0116
88853,2021-11-01,0.0041293143,-0.043551214,-0.02387751,-0.013858313,-0.0032394484,0.0041293143,0.013688277,0.022616547,0.035949398,0.052159093,2021-11,2021-11-15,88853,-0.060471357
88853,2021-12-01,0.0039368817,-0.043953415,-0.023393117,-0.013407093,-0.003410513,0.0039368817,0.012426594,0.021800889,0.03445376,0.05230197,2021-12,2021-12-15,88853,0.077045253
88853,2022-01-01,-0.004588042,-0.06151275,-0.043223318,-0.02552181,-0.016403252,-0.004588042,0.003310243,0.017439734,0.028715208,0.05414272,2022-01,2022-01-15,88853,0.041351345
89275,2021-11-01,0.0032706656,-0.016639601,-0.008232229,-0.0042761834,0.0001017754,0.0032706656,0.0074310354,0.011381473,0.01670175,0.023821607,2021-11,2021-11-15,89275,0.0054877482
89275,2021-12-01,0.0022223932,-0.018345356,-0.009089356,-0.005080022,-0.00088287145,0.0022223932,0.006243234,0.010265999,0.015420166,0.02336729,2021-12,2021-12-15,89275,0.014861831
89275,2022-01-01,-0.0033265445,-0.029641405,-0.020589177,-0.012406734,-0.008185838,-0.0033265445,0.0013125977,0.0075806174,0.012451537,0.024732072,2022-01,2022-01-15,89275,0.002175459
89396,2021-11-01,0.0009387771,-0.012917869,-0.0072955433,-0.004060655,-0.0012111492,0.0009387771,0.0038559353,0.0065809283,0.010386912,0.015598984,2021-11,2021-11-15,89396,-0.000163339
89396,2021-12-01,0.00060622557,-0.013382282,-0.007375474,-0.004152191,-0.0014599292,0.00060622557,0.0033591636,0.006018153,0.009716611,0.015265575,2021-12,2021-12-15,89396,-0.00357832
89396,2022-01-01,-0.0028867503,-0.02029551,-0.014230434,-0.00878375,-0.006020097,-0.0028867503,0.00025145244,0.004357412,0.0076315664,0.015779845,2022-01,2022-01-15,89396,-0.00664622
90627,2021-11-01,-0.010034984,-0.06327691,-0.043959305,-0.03215462,-0.018221859,-0.010034984,0.0014855117,0.011953164,0.027354712,0.042722628,2021-11,2021-11-15,90627,0.0536204738
90627,2021-12-01,-0.017115397,-0.07051752,-0.049826242,-0.0381311,-0.024602244,-0.017115397,-0.005860513,0.004826555,0.018935556,0.036252417,2021-12,2021-12-15,90627,-0.063924104
90627,2022-01-01,-0.028059429,-0.10219543,-0.07913391,-0.054887436,-0.04196975,-0.028059429,-0.01377652,0.004039962,0.019606125,0.051221363,2022-01,2022-01-15,90627,0.0016431347
90896,2021-11-01,-0.0058452766,-0.02270703,-0.016386103,-0.01233829,-0.008541994,-0.0058452766,-0.0026307695,0.000644729,0.0054824622,0.010870495,2021-11,2021-11-15,90896,0.0069656371
90896,2021-12-01,-0.006836528,-0.023638267,-0.017042391,-0.012965925,-0.009396691,-0.006836528,-0.0038410788,-0.00048062298,0.004154306,0.009964551,2021-12,2021-12-15,90896,-0.011308718
90896,2022-01-01,-0.008205853,-0.027185418,-0.021157004,-0.0152847795,-0.012017738,-0.008205853,-0.004889751,-0.00020971242,0.003997448,0.01188128,2022-01,2022-01-15,90896,0.0051461909
91441,2021-11-01,0.0008421163,-0.011383556,-0.0060984744,-0.0038123296,-0.0010160622,0.0008421163,0.0034062704,0.005893896,0.009158662,0.013422976,2021-11,2021-11-15,91441,0.002
91441,2021-12-01,5.0575938e-05,-0.012547461,-0.0066618016,-0.0044626975,-0.001787516,5.0575938e-05,0.0024852837,0.0050598877,0.008155522,0.012976493,2021-12,2021-12-15,91441,-0.0004
91441,2022-01-01,-0.0027260485,-0.018331595,-0.012912743,-0.008310226,-0.0059149507,-0.0027260485,-0.00013417611,0.003537672,0.006221675,0.013583679,2022-01,2022-01-15,91441,-0.0078
92248,2021-11-01,0.0060552265,-0.026721358,-0.013292862,-0.0066851815,0.000938762,0.0060552265,0.013097581,0.019768441,0.028013455,0.03899745,2021-11,2021-11-15,92248,-0.057026225
92248,2021-12-01,0.0035711476,-0.029787049,-0.014935281,-0.0084784245,-0.0013251295,0.0035711476,0.01025111,0.017190803,0.02464014,0.037256606,2021-12,2021-12-15,92248,0.0364341729
92248,2022-01-01,-0.0061047385,-0.05293032,-0.037454616,-0.0228521,-0.015551604,-0.0061047385,0.0012677386,0.012892788,0.021177731,0.042760313,2022-01,2022-01-15,92248,-0.006264633
93368,2021-11-01,0.0032595424,-0.016870957,-0.007952934,-0.004222664,0.0003559175,0.0032595424,0.0077590146,0.011574205,0.016945094,0.024243494,2021-11,2021-11-15,93368,-0.005
93368,2021-12-01,0.0028945098,-0.017250484,-0.0076969424,-0.0041463412,8.8394154e-05,0.0028945098,0.0070689144,0.010848857,0.015922897,0.02381431,2021-12,2021-12-15,93368,0.0083
93368,2022-01-01,-0.0035482468,-0.029505227,-0.020530757,-0.012463553,-0.0084910905,-0.0035482468,0.0008634869,0.0069173235,0.011668891,0.023950646,2022-01,2022-01-15,93368,0.0045
94283,2021-11-01,0.0013013452,-0.004359438,-0.0018708932,-0.0008128716,0.00041233504,0.0013013452,0.0024513504,0.003609184,0.005044096,0.0071078986,2021-11,2021-11-15,94283,-0.000107896
94283,2021-12-01,0.0011560721,-0.004597148,-0.0018993465,-0.0008735226,0.00030317158,0.0011560721,0.0022674636,0.0034093051,0.0047962726,0.007024508,2021-12,2021-12-15,94283,0.0009236125
94283,2022-01-01,-0.0006141162,-0.00765221,-0.005170568,-0.003075355,-0.0019904852,-0.0006141162,0.0005454925,0.0022000817,0.003384546,0.006699186,2022-01,2022-01-15,94283,0.0020097912
94352,2021-11-01,0.006991646,-0.07492263,-0.041450232,-0.02553537,-0.0058540013,0.006991646,0.024223678,0.04075586,0.06329166,0.090726964,2021-11,2021-11-15,94352,-0.039356605
94352,2021-12-01,0.0025345206,-0.080355965,-0.04447315,-0.028925477,-0.010249754,0.0025345206,0.018463477,0.03575743,0.05639088,0.08776298,2021-12,2021-12-15,94352,-0.0001
94352,2022-01-01,-0.018858766,-0.13178746,-0.09540061,-0.058772802,-0.040965304,-0.018858766,-0.0011997828,0.02804197,0.050198235,0.10105317,2022-01,2022-01-15,94352,0.0876380477
96214,2021-11-01,0.008582098,-0.02627701,-0.011371537,-0.004560382,0.0032800515,0.008582098,0.015612384,0.022458836,0.031714037,0.04415583,2021-11,2021-11-15,96214,-0.0005
96214,2021-12-01,0.008737248,-0.026141915,-0.010414598,-0.0037838323,0.0033349274,0.008737248,0.014893554,0.021924336,0.03049254,0.044356167,2021-12,2021-12-15,96214,0.0029
96214,2022-01-01,0.0009473916,-0.042170458,-0.027765077,-0.0148391845,-0.008028108,0.0009473916,0.0064493795,0.017035244,0.024989389,0.04474685,2022-01,2022-01-15,96214,0.0191
96518,2021-11-01,0.0024648714,-0.022211839,-0.011491736,-0.0068335324,-0.0013106293,0.0024648714,0.007623241,0.01266158,0.019300735,0.028075412,2021-11,2021-11-15,96518,0.0054999998
96518,2021-12-01,0.0008144062,-0.024793344,-0.012803784,-0.008272758,-0.0029117935,0.0008144062,0.0058102827,0.010994147,0.017375967,0.02722561,2021-12,2021-12-15,96518,0.001
96518,2022-01-01,-0.0049234047,-0.036056526,-0.0252012,-0.015911646,-0.011133943,-0.0049234047,0.00053231744,0.0077892714,0.013132896,0.027918646,2022-01,2022-01-15,96518,-0.0126
97353,2021-11-01,0.004567921,0.0010261694,0.002608941,0.0032371446,0.004048571,0.004567921,0.0053216824,0.0060184253,0.0069203433,0.008239896,2021-11,2021-11-15,97353,0.0051093141
97353,2021-12-01,0.0046500107,0.0011731321,0.0028336437,0.003416771,0.0041637816,0.0046500107,0.0053457418,0.005999086,0.006846787,0.008227489,2021-12,2021-12-15,97353,0.0056007188
97353,2022-01-01,0.0033408278,-0.0010440717,0.00044962298,0.0018119195,0.002487779,0.0033408278,0.0040266407,0.005031925,0.0058003804,0.007856221,2022-01,2022-01-15,97353,0.0051062254
97365,2021-11-01,0.0075025205,-0.035969757,-0.019386843,-0.01008531,0.00064812973,0.0075025205,0.015684817,0.024691703,0.03648524,0.05014802,2021-11,2021-11-15,97365,0.0127300002
97365,2021-12-01,0.0060768765,-0.037932985,-0.020155616,-0.01079389,-0.0006031037,0.0060768765,0.013703729,0.023138475,0.03389041,0.049890433,2021-12,2021-12-15,97365,0.0310063186
97365,2022-01-01,-0.006796723,-0.06702947,-0.048036546,-0.029197467,-0.019303238,-0.006796723,0.001598568,0.017156301,0.028669117,0.05495741,2022-01,2022-01-15,97365,0.0014190361
98236,2021-11-01,0.0063279746,-0.025399443,-0.012037102,-0.006154241,0.0012579123,0.0063279746,0.013236221,0.019643623,0.027782189,0.038594868,2021-11,2021-11-15,98236,-0.0009
98236,2021-12-01,0.0035335547,-0.028700713,-0.013981566,-0.008362275,-0.0012423992,0.0035335547,0.010112998,0.016613621,0.024300467,0.036192365,2021-12,2021-12-15,98236,0.0133
98236,2022-01-01,-0.0068292003,-0.052885864,-0.03714835,-0.02266432,-0.015451422,-0.0068292003,0.0015164372,0.012437798,0.020652793,0.042144887,2022-01,2022-01-15,98236,-0.0395
98392,2021-11-01,0.00011104578,-0.04102163,-0.02404023,-0.015723232,-0.006821659,0.00011104578,0.0078370515,0.016884305,0.027084207,0.040644955,2021-11,2021-11-15,98392,-0.014114577
98392,2021-12-01,-0.003376381,-0.04622738,-0.027275592,-0.018817924,-0.0099945795,-0.003376381,0.0041376785,0.013533967,0.023359565,0.038592633,2021-12,2021-12-15,98392,0.0253250882
98392,2022-01-01,-0.010164781,-0.062735215,-0.045182925,-0.028756846,-0.019982751,-0.010164781,-0.00052521005,0.012380453,0.022266699,0.045574572,2022-01,2022-01-15,98392,0.0391083301
98511,2021-11-01,-0.005876035,-0.061627828,-0.04019192,-0.027976684,-0.014614925,-0.005876035,0.006059744,0.017769234,0.032722533,0.05074175,2021-11,2021-11-15,98511,-0.036473051
98511,2021-12-01,-0.008529981,-0.064657286,-0.04147448,-0.029576078,-0.016758377,-0.008529981,0.0025307843,0.014503149,0.02835055,0.048794404,2021-12,2021-12-15,98511,-0.001349117
98511,2022-01-01,-0.024014693,-0.10490134,-0.07831056,-0.052990403,-0.039990004,-0.024014693,-0.01039917,0.009635892,0.024781693,0.061971772,2022-01,2022-01-15,98511,-0.039151713
98699,2021-11-01,-0.006759614,-0.03240922,-0.022390656,-0.016695825,-0.010798629,-0.006759614,-0.0014378933,0.0038983861,0.010673628,0.01859315,2021-11,2021-11-15,98699,0.0109000002
98699,2021-12-01,-0.0112295225,-0.03808832,-0.026696509,-0.020871833,-0.014958913,-0.0112295225,-0.0060176468,-0.00031022192,0.00617228,0.015040564,2021-12,2021-12-15,98699,-0.0064
98699,2022-01-01,-0.019737702,-0.058232103,-0.045641523,-0.032623176,-0.025896851,-0.019737702,-0.0107705705,-0.002354418,0.005600403,0.022360526,2022-01,2022-01-15,98699,0.0128999999
99164,2021-11-01,0.0047404217,-0.025596093,-0.012544987,-0.006829258,0.00025958242,0.0047404217,0.011335331,0.01725695,0.025326665,0.036009237,2021-11,2021-11-15,99164,-0.009922161
99164,2021-12-01,0.0046437248,-0.025465533,-0.011647486,-0.006241399,0.00020414032,0.0046437248,0.01046793,0.01649718,0.0238733,0.03569687,2021-12,2021-12-15,99164,0.0160728333
99164,2022-01-01,-0.004201971,-0.044309527,-0.030825417,-0.018449884,-0.012276755,-0.004201971,0.001556993,0.011547732,0.018858347,0.037593387,2022-01,2022-01-15,99164,-0.013446404
99165,2021-11-01,0.005034161,-0.02644884,-0.01285631,-0.0069715288,0.00037858728,0.005034161,0.011893782,0.018003937,0.026451848,0.037620015,2021-11,2021-11-15,99165,-0.011102519
99165,2021-12-01,0.0048021832,-0.026507055,-0.012083042,-0.0065144505,0.00021551969,0.0048021832,0.010940223,0.017117742,0.024896918,0.03720004,2021-12,2021-12-15,99165,0.0188682472
99165,2022-01-01,-0.004644855,-0.04633604,-0.0322909,-0.019339614,-0.012893036,-0.004644855,0.0015765047,0.011886965,0.0195169,0.039039627,2022-01,2022-01-15,99165,-0.013365051
99306,2021-11-01,-0.015875628,-0.10975045,-0.0735193,-0.053431235,-0.032421645,-0.015875628,0.0024714426,0.022706686,0.048617676,0.078629576,2021-11,2021-11-15,99306,-0.01
99306,2021-12-01,-0.03604998,-0.13440616,-0.093527265,-0.073294334,-0.05167963,-0.03604998,-0.017215122,0.0037239685,0.027845591,0.060950655,2021-12,2021-12-15,99306,-0.0102
99306,2022-01-01,-0.07732138,-0.23572108,-0.18132107,-0.13007188,-0.10151852,-0.07732138,-0.041389,-0.006327409,0.024889547,0.09172932,2022-01,2022-01-15,99306,-0.1255
99405,2021-11-01,0.00019451487,-0.015167915,-0.009287631,-0.0062330114,-0.002320893,0.00019451487,0.002964724,0.006202046,0.010551849,0.015016167,2021-11,2021-11-15,99405,-0.00918729
99405,2021-12-01,-0.00075445056,-0.016551675,-0.010165813,-0.007021242,-0.0031941952,-0.00075445056,0.001947447,0.0053386185,0.009390148,0.014677952,2021-12,2021-12-15,99405,0.0046542687
99405,2022-01-01,-0.004983212,-0.024547761,-0.018510839,-0.012088051,-0.0088605685,-0.004983212,-0.0018447342,0.003390643,0.0073173046,0.015551199,2022-01,2022-01-15,99405,0.0036622371
99517,2021-11-01,0.0043205703,-0.044160858,-0.023160014,-0.013687209,-0.0029436378,0.0043205703,0.015254208,0.024543602,0.037525106,0.055686306,2021-11,2021-11-15,99517,-0.033
99517,2021-12-01,0.0022120234,-0.046961714,-0.024280567,-0.015020239,-0.0048314827,0.0022120234,0.012603959,0.02177996,0.034286827,0.053801153,2021-12,2021-12-15,99517,-0.0191
99517,2022-01-01,-0.016624141,-0.08289551,-0.06000868,-0.038614366,-0.028409384,-0.016624141,-0.0040604854,0.011499074,0.023267047,0.05506801,2022-01,2022-01-15,99517,-0.133
99873,2021-11-01,0.004970196,-0.028437436,-0.014286713,-0.008152139,-0.00034886133,0.004970196,0.012265207,0.01897205,0.027608763,0.039025962,2021-11,2021-11-15,99873,-0.0014
99873,2021-12-01,0.0018375926,-0.032261547,-0.016613945,-0.010726987,-0.003165963,0.0018375926,0.008853747,0.01564986,0.023885556,0.036425833,2021-12,2021-12-15,99873,0.0132
99873,2022-01-01,-0.009439091,-0.05790992,-0.04126595,-0.026004918,-0.018382717,-0.009439091,-0.0003786236,0.010997877,0.019577045,0.042258035,2022-01,2022-01-15,99873,-0.0405
101263,2021-11-01,0.0023550757,-0.019091038,-0.010127358,-0.0059401235,-0.00091227813,0.0023550757,0.0068091988,0.010992675,0.016588816,0.023894431,2021-11,2021-11-15,101263,-0.002501955
101263,2021-12-01,0.0026363763,-0.018875059,-0.0093814945,-0.0053222743,-0.0006142388,0.0026363763,0.0065248143,0.010930532,0.016148223,0.024348872,2021-12,2021-12-15,101263,0.0078166013
101263,2022-01-01,-0.0021663443,-0.029722713,-0.020665653,-0.012540861,-0.0082276855,-0.0021663443,0.0010884224,0.007965404,0.012920127,0.025355786,2022-01,2022-01-15,101263,0.0020996967
101370,2021-11-01,0.009482737,-0.039919272,-0.018415634,-0.008784982,0.0020906348,0.009482737,0.019895023,0.029668868,0.042616937,0.060754713,2021-11,2021-11-15,101370,-0.002866274
101370,2021-12-01,0.0084537165,-0.041876692,-0.018661015,-0.009139274,0.0010094205,0.0084537165,0.018092439,0.028099641,0.040455498,0.060573116,2021-12,2021-12-15,101370,0.0087128198
101370,2022-01-01,-0.009320368,-0.0733446,-0.052030753,-0.030977987,-0.021251965,-0.009320368,0.0009424342,0.017001582,0.0285558,0.058644686,2022-01,2022-01-15,101370,0.0127046417
101393,2021-11-01,0.0037959516,-0.032981705,-0.016992252,-0.010098076,-0.0016617859,0.0037959516,0.011870949,0.019081775,0.028970089,0.04192536,2021-11,2021-11-15,101393,-0.0082
101393,2021-12-01,0.0018152255,-0.03590137,-0.0183224,-0.01165326,-0.003740781,0.0018152255,0.009327292,0.016842064,0.026183356,0.040821925,2021-12,2021-12-15,101393,0.0022999999
101393,2022-01-01,-0.00681174,-0.05504025,-0.0384488,-0.023842122,-0.016492136,-0.00681174,0.0013566702,0.012536789,0.02118842,0.044149358,2022-01,2022-01-15,101393,0.0140000002
101401,2021-11-01,-0.00746584,-0.03921622,-0.025645265,-0.019465854,-0.012364568,-0.00746584,-0.00063037546,0.0059429915,0.014447277,0.025159935,2021-11,2021-11-15,101401,-0.028470122
101401,2021-12-01,-0.010766881,-0.04355921,-0.028506888,-0.02241682,-0.015343128,-0.010766881,-0.0041861846,0.0025239047,0.010862841,0.022355337,2021-12,2021-12-15,101401,-0.013678789
101401,2022-01-01,-0.026702827,-0.07929869,-0.06051739,-0.043563873,-0.034573372,-0.026702827,-0.014383575,-0.003590967,0.0066791303,0.029912375,2022-01,2022-01-15,101401,-0.037760488
101428,2021-11-01,-0.002723768,-0.033312507,-0.019792706,-0.014087111,-0.007375845,-0.002723768,0.003638165,0.009824643,0.01797061,0.028602542,2021-11,2021-11-15,101428,-0.015117
101428,2021-12-01,-0.0035997774,-0.034225103,-0.01981241,-0.014295004,-0.007996321,-0.0035997774,0.0021836879,0.008431457,0.01631637,0.02765236,2021-12,2021-12-15,101428,0.00849
101428,2022-01-01,-0.014041772,-0.05461692,-0.039319657,-0.027548641,-0.020587415,-0.014041772,-0.0053351806,0.0032890667,0.011679952,0.030309873,2022-01,2022-01-15,101428,0.02191
101736,2021-11-01,0.0053145443,-0.021458417,-0.0102590695,-0.0050306236,0.001245663,0.0053145443,0.010905136,0.016190395,0.023260264,0.032468878,2021-11,2021-11-15,101736,-0.0072
101736,2021-12-01,0.005626063,-0.020863388,-0.009067187,-0.004121133,0.0015698739,0.005626063,0.010412374,0.015873348,0.022280207,0.032585777,2021-12,2021-12-15,101736,0.0054
101736,2022-01-01,-0.0013192906,-0.037249725,-0.025404533,-0.014391759,-0.008753585,-0.0013192906,0.0033776835,0.012434544,0.0191219,0.03561439,2022-01,2022-01-15,101736,-0.0146
102117,2021-11-01,-0.00040649902,-0.04040061,-0.02333757,-0.015297538,-0.006707007,-0.00040649902,0.008130954,0.0162821,0.027022809,0.041545715,2021-11,2021-11-15,102117,0.0150143699
102117,2021-12-01,-0.004712899,-0.04708788,-0.027673397,-0.019553956,-0.010932043,-0.004712899,0.0038819537,0.012365772,0.022857483,0.039222647,2021-12,2021-12-15,102117,0.0358036961
102117,2022-01-01,-0.018442385,-0.07526795,-0.05529158,-0.037311774,-0.028259426,-0.018442385,-0.0069369506,0.0065293526,0.016773876,0.043687884,2022-01,2022-01-15,102117,-0.103016796
103419,2021-11-01,0.0012582056,-0.021104908,-0.011570044,-0.007241663,-0.002226259,0.0012582056,0.006118423,0.010735876,0.016796935,0.02467246,2021-11,2021-11-15,103419,-0.013194189
103419,2021-12-01,-0.0005366714,-0.02365406,-0.013022823,-0.008794021,-0.0037220041,-0.0005366714,0.004356117,0.008885049,0.014880465,0.02340372,2021-12,2021-12-15,103419,0.0003192872
103419,2022-01-01,-0.009946432,-0.04332196,-0.0314738,-0.02075616,-0.015250485,-0.009946432,-0.0028223167,0.004721921,0.010924594,0.026311548,2022-01,2022-01-15,103419,-0.038418553
103422,2021-11-01,0.010429373,-0.021047102,-0.007418178,-0.0014645988,0.005828467,0.010429373,0.0171492,0.023277786,0.031323828,0.042600505,2021-11,2021-11-15,103422,-0.0057
103422,2021-12-01,0.010572543,-0.020856066,-0.006376397,-0.0006924411,0.005946817,0.010572543,0.016596954,0.0228198,0.030197866,0.042694032,2021-12,2021-12-15,103422,0.0053
103422,2022-01-01,0.0010652486,-0.039157674,-0.025752274,-0.013518309,-0.0073601976,0.0010652486,0.006379691,0.016138116,0.023123655,0.041830845,2022-01,2022-01-15,103422,0.0196
103530,2021-11-01,0.02263626,-0.041593716,-0.014861042,-0.0017067958,0.012608563,0.02263626,0.035305265,0.048085842,0.06495891,0.0889045,2021-11,2021-11-15,103530,-0.011370202
103530,2021-12-01,0.023301916,-0.040942803,-0.0128541235,0.00010544062,0.013363115,0.023301916,0.034859013,0.047629938,0.06334865,0.08951124,2021-12,2021-12-15,103530,0.0113383519
103530,2022-01-01,0.0042658355,-0.075695544,-0.04983549,-0.024095466,-0.011427866,0.0042658355,0.01571384,0.0353458,0.050154507,0.08704588,2022-01,2022-01-15,103530,-0.023154549
103579,2021-11-01,0.0027342862,-0.020423707,-0.010490337,-0.006122666,-0.0009042383,0.0027342862,0.007701408,0.0125284735,0.018623965,0.026846059,2021-11,2021-11-15,103579,-0.013211054
103579,2021-12-01,0.0013028434,-0.022486856,-0.011505766,-0.0072456854,-0.0021316842,0.0013028434,0.0061927247,0.011062475,0.016910367,0.026010517,2021-12,2021-12-15,103579,-0.006896315
103579,2022-01-01,-0.006593078,-0.039095487,-0.027757647,-0.01758117,-0.012407381,-0.006593078,-0.00059758965,0.007282793,0.013218584,0.02855182,2022-01,2022-01-15,103579,-0.017807824
103796,2021-11-01,0.0010054014,-0.021367617,-0.012033378,-0.0076862047,-0.0024495947,0.0010054014,0.005536705,0.009943045,0.015973857,0.023549173,2021-11,2021-11-15,103796,-0.003113446
103796,2021-12-01,0.0012302147,-0.021293752,-0.011398691,-0.0071639614,-0.0022381006,0.0012302147,0.0052015064,0.009839248,0.015496708,0.024017107,2021-12,2021-12-15,103796,0.0071873967
103796,2022-01-01,-0.003075452,-0.031030307,-0.02178097,-0.0136205815,-0.009188444,-0.003075452,0.00024253319,0.0073801144,0.012508531,0.02502331,2022-01,2022-01-15,103796,0.0014856921
104001,2021-11-01,0.013524454,-0.07170276,-0.03698831,-0.020010415,-0.00042954646,0.013524454,0.03166368,0.048794217,0.06984103,0.101513416,2021-11,2021-11-15,104001,-0.133
104001,2021-12-01,0.013206881,-0.07073113,-0.03333003,-0.017565232,0.0011326391,0.013206881,0.030393705,0.046978384,0.067171894,0.100568935,2021-12,2021-12-15,104001,0.1311
104001,2022-01-01,-0.015005738,-0.13189316,-0.092130914,-0.055188406,-0.034073982,-0.015005738,0.006590084,0.033937298,0.057496924,0.109629154,2022-01,2022-01-15,104001,-0.133
104036,2021-11-01,0.0044218767,-0.036580287,-0.01950473,-0.011649961,-0.002177386,0.0044218767,0.012728889,0.021433638,0.032207426,0.046625316,2021-11,2021-11-15,104036,-0.013400688
104036,2021-12-01,0.0023135804,-0.03925417,-0.020676672,-0.013103643,-0.0039684935,0.0023135804,0.010250289,0.01905544,0.029118868,0.045230396,2021-12,2021-12-15,104036,-0.001451159
104036,2022-01-01,-0.008514801,-0.06355514,-0.04503077,-0.02814783,-0.019158304,-0.008514801,0.00034366036,0.014162678,0.024003517,0.049603313,2022-01,2022-01-15,104036,-0.009542121
104294,2021-11-01,-0.0008833895,-0.019586623,-0.0117862895,-0.008102713,-0.0038993238,-0.0008833895,0.0030240372,0.006885657,0.011692344,0.017957322,2021-11,2021-11-15,104294,-0.006540945
104294,2021-12-01,-0.0022215424,-0.021157853,-0.012593141,-0.009030856,-0.005016707,-0.0022215424,0.0014229722,0.005366035,0.009979798,0.016813496,2021-12,2021-12-15,104294,0.0143506199
104294,2022-01-01,-0.0071358196,-0.033411935,-0.024342958,-0.016162015,-0.01195616,-0.0071358196,-0.0021596812,0.0038900715,0.008802189,0.020965032,2022-01,2022-01-15,104294,-0.015256237
105997,2021-11-01,0.0025758366,-0.033603035,-0.018071013,-0.011170825,-0.0029087393,0.0025758366,0.010439322,0.0177649,0.027429359,0.040133923,2021-11,2021-11-15,105997,-0.0151
105997,2021-12-01,0.0010209624,-0.03522411,-0.018477678,-0.011946501,-0.0041873315,0.0010209624,0.008328805,0.01568264,0.024752323,0.038621888,2021-12,2021-12-15,105997,-0.0147
105997,2022-01-01,-0.010084646,-0.060138285,-0.04283364,-0.027282165,-0.019455535,-0.010084646,-0.0014490737,0.010699504,0.019991823,0.043562874,2022-01,2022-01-15,105997,-0.0369
106446,2021-11-01,0.0022508008,-0.0031979433,-0.00089840125,0.00014777225,0.0013434466,0.0022508008,0.0032683215,0.004453548,0.005797005,0.0076405127,2021-11,2021-11-15,106446,0.0029098367
106446,2021-12-01,0.0017578437,-0.00385316,-0.0012832726,-0.0002391627,0.0009673806,0.0017578437,0.0027829811,0.0039569694,0.0053243684,0.0072720246,2021-12,2021-12-15,106446,0.0027343339
106446,2022-01-01,6.875093e-05,-0.007241173,-0.0047051734,-0.0023611542,-0.0011228966,6.875093e-05,0.0016977917,0.0032783942,0.0045710322,0.007924739,2022-01,2022-01-15,106446,0.0056313424
106485,2021-11-01,0.0027710712,-0.072305754,-0.04111929,-0.026342284,-0.009403152,0.0027710712,0.01913963,0.034635015,0.054490183,0.08031713,2021-11,2021-11-15,106485,-0.0752
106485,2021-12-01,-0.0039379094,-0.08078907,-0.046317633,-0.03206429,-0.015830755,-0.0039379094,0.011524394,0.027511653,0.046177387,0.0750395,2021-12,2021-12-15,106485,0.0229
106485,2022-01-01,-0.029763453,-0.14137767,-0.103481196,-0.06704485,-0.049852267,-0.029763453,-0.008924885,0.018468669,0.039189648,0.09061541,2022-01,2022-01-15,106485,-0.1067
106509,2021-11-01,0.0032614165,-0.02585966,-0.014158038,-0.008003553,-0.0014560218,0.0032614165,0.009070042,0.014958894,0.022285813,0.031912737,2021-11,2021-11-15,106509,-0.001
106509,2021-12-01,0.0024263454,-0.02670093,-0.01408748,-0.008106912,-0.002023694,0.0024263454,0.0076776883,0.013783066,0.020578282,0.03137298,2021-12,2021-12-15,106509,-0.0056
106509,2022-01-01,-0.0023518293,-0.041055832,-0.02851272,-0.016616073,-0.010381412,-0.0023518293,0.0031526869,0.01247336,0.019924534,0.03716207,2022-01,2022-01-15,106509,-0.0448
